<!-- 

 Copyright (C) 2009-2019 SAP SE or an SAP affiliate company. All rights reserved.

 --> 
<core:FragmentDefinition xmlns:core="sap.ui.core" xmlns="sap.m" xmlns:table="sap.ui.table">
	<table:Table id="GenObjTable" visibleRowCountMode="Auto" selectionMode="Single" selectionBehavior="RowOnly" editable="false"
		class="attTable" rowHeight="26">
		<table:columns>
			<table:Column id="Gs1EsB">
				<Label text="{/#GenericObject/Gs1EsB/@sap:label}" tooltip="{/#GenericObject/Gs1EsB/@sap:label}"></Label>
				<table:template>
					<Link text="{Gs1EsB}" tooltip="{Gs1EsB}" press="com.sap.cd.sttp.zcockpit.delegate.shared.CrossNavigationDelegate.navToObjectByType"></Link>
				</table:template>
			</table:Column>
			<table:Column id="Objtype">
				<Label text="{/#GenericObject/Objtype/@sap:label}" tooltip="{/#GenericObject/Objtype/@sap:label}"/>
				<table:template>
					<Text wrapping="false" text="{path: 'Objtype', formatter: 'com.sap.cd.sttp.zcockpit.model.formatter.FixedValueFormatter.FixedValueObjType'}"
						tooltip="{path: 'Objtype', formatter: 'com.sap.cd.sttp.zcockpit.model.formatter.FixedValueFormatter.FixedValueObjType'}"/>
				</table:template>
			</table:Column>
			<table:Column id="Native" visible="{= ${Evttype} !== undefined || ${Trnid} !== undefined }">
				<Label text="{/#GenericObject/Native/@sap:label}" tooltip="{/#GenericObject/Native/@sap:label}"/>
				<table:template>
					<core:Icon src="{path: 'Native', formatter: 'com.sap.cd.sttp.zcockpit.model.formatter.GeneralFormatter.IndicatorIcon'}" visible="{= ${Native} === 'X'}"/>
				</table:template>
			</table:Column>
			<table:Column id="Parent" visible="{= ${Evttype} !== undefined }">
				<Label text="{/#GenericObject/Parent/@sap:label}" tooltip="{/#GenericObject/Parent/@sap:label}"/>
				<table:template>
					<core:Icon src="{path: 'Parent',  formatter: 'com.sap.cd.sttp.zcockpit.model.formatter.GeneralFormatter.IndicatorIcon'}" visible="{= ${Parent} === 'X'}"/>
				</table:template>
			</table:Column>
			<core:Fragment fragmentName="com.sap.cd.sttp.zcockpit.extp.SHARED_DETAIL_RELOBJ_TABLE_COL" type="XML"/>
		</table:columns>
	</table:Table>
</core:FragmentDefinition>