<!-- 

 Copyright (C) 2009-2019 SAP SE or an SAP affiliate company. All rights reserved.

 --> 
<core:FragmentDefinition xmlns:core="sap.ui.core" xmlns="sap.m">
	<ColumnListItem type="Active">
		<cells>
			<Text text="{parts: [{path: 'Docpos'}, {path: 'ItemRef'}], formatter: 'com.sap.cd.sttp.zcockpit.model.formatter.GeneralFormatter.DocPositionFormatter'}"/>
			<Text text="{Gtin}"/>
			<Text text="{Descr}"/>
			<Text text="{path: 'StatusItm', formatter: 'com.sap.cd.sttp.zcockpit.model.formatter.FixedValueFormatter.FixedValueStatusHdr'}"/>
			<Text text="{QuantityPlan}"/>
			<Text text="{QuantityConf}"/>
			<Text text="{QuantityUom}"/>
			<Text text="{Lotno}"/>
			<Text text="{ItemCount}"/>
			<ObjectStatus text="{ItemDiff}" state="{path: 'ItemDiff', formatter: 'com.sap.cd.sttp.zcockpit.model.formatter.GeneralFormatter.ItemCompState'}"/>
			<core:Fragment fragmentName="com.sap.cd.sttp.zcockpit.extp.TRANS_DETAIL_RELITEMCOMP_TABLE_CELL" type="XML"/>
		</cells>
	</ColumnListItem>
</core:FragmentDefinition>