<!-- 

 Copyright (C) 2009-2019 SAP SE or an SAP affiliate company. All rights reserved.

 --> 
<core:FragmentDefinition xmlns:core="sap.ui.core" xmlns:l="sap.ui.layout" xmlns="sap.m">
	<Table id="relatedItemsCompareTable" inset="false" width="auto" growing="false" class="marginInsideShellContainer sapUiSizeCompact sapUiMediumMarginBegin sapUiMediumMarginEnd" mode="None">
		<columns>
			<Column minScreenWidth="Large" demandPopin="true" width="auto">
				<Label text="{/#TrnItemComp/Docpos/@sap:label}"/>
			</Column>
			<Column minScreenWidth="Large" demandPopin="true" width="auto">
				<Label text="{/#TrnItemComp/Gtin/@sap:label}"/>
			</Column>
			<Column minScreenWidth="Large" demandPopin="true" width="auto">
				<Label text="{/#TrnItemComp/Descr/@sap:label}"/>
			</Column>
			<Column minScreenWidth="Large" demandPopin="true" width="auto">
				<Label text="{/#TrnItemComp/StatusItm/@sap:label}"/>
			</Column>
			<Column minScreenWidth="Large" demandPopin="true" width="auto">
				<Label text="{/#TrnItemComp/QuantityPlan/@sap:label}"/>
			</Column>
			<Column minScreenWidth="Large" demandPopin="true" width="auto">
				<Label text="{/#TrnItemComp/QuantityConf/@sap:label}"/>
			</Column>
			<Column minScreenWidth="Large" demandPopin="true" width="auto">
				<Label text="{/#TrnItemComp/QuantityUom/@sap:label}"/>
			</Column>
			<Column minScreenWidth="Large" demandPopin="true" width="auto">
				<Label text="{/#TrnItemComp/Lotno/@sap:label}"/>
			</Column>
			<Column minScreenWidth="Large" demandPopin="true" width="auto">
				<Label text="{/#TrnItemComp/ItemCount/@sap:label}"/>
			</Column>
			<Column minScreenWidth="Large" demandPopin="true" width="auto">
				<Label text="{/#TrnItemComp/ItemDiff/@sap:label}"/>
			</Column>
			<core:Fragment fragmentName="com.sap.cd.sttp.zcockpit.extp.TRANS_DETAIL_RELITEMCOMP_TABLE_COL" type="XML"/>
		</columns>
	</Table>
</core:FragmentDefinition>