<!-- 

 Copyright (C) 2009-2019 SAP SE or an SAP affiliate company. All rights reserved.

 --> 
<core:FragmentDefinition xmlns:core="sap.ui.core" xmlns="sap.m" xmlns:table="sap.ui.table">
	<table:Table id="LotObjItmTable" visibleRowCountMode="Auto" selectionMode="Single" selectionBehavior="RowOnly" editable="false"
		class="attTable" rowHeight="26">
		<table:columns>
			<table:Column id="Gs1EsB">
				<Label text="{/#ObjItem/Gs1EsB/@sap:label}" tooltip="{/#ObjItem/Gs1EsB/@sap:label}"></Label>
				<table:template>
					<Link text="{Gs1EsB}" tooltip="{Gs1EsB}" press="com.sap.cd.sttp.zcockpit.delegate.shared.CrossNavigationDelegate.navByGs1"></Link>
				</table:template>
			</table:Column>
			<table:Column id="StatusStock">
				<Label text="{/#ObjItem/StatusStock/@sap:label}" tooltip="{/#ObjItem/StatusStock/@sap:label}"/>
				<table:template>
					<Text wrapping="false" text="{path: 'StatusStock', formatter: 'com.sap.cd.sttp.zcockpit.model.formatter.FixedValueFormatter.FixedValueStatusStock'}"
						tooltip="{path: 'StatusStock', formatter: 'com.sap.cd.sttp.zcockpit.model.formatter.FixedValueFormatter.FixedValueStatusStock'}"/>
				</table:template>
			</table:Column>
			<table:Column id="StatusPack">
				<Label text="{/#ObjItem/StatusPack/@sap:label}" tooltip="{/#ObjItem/StatusPack/@sap:label}"/>
				<table:template>
					<Text wrapping="false" text="{path: 'StatusPack', formatter: 'com.sap.cd.sttp.zcockpit.model.formatter.FixedValueFormatter.FixedValueStatusPack'}"
						tooltip="{path: 'StatusPack', formatter: 'com.sap.cd.sttp.zcockpit.model.formatter.FixedValueFormatter.FixedValueStatusPack'}"/>
				</table:template>
			</table:Column>
			<table:Column id="Disposition">
				<Label text="{/#ObjItem/Disposition/@sap:label}" tooltip="{/#ObjItem/Disposition/@sap:label}"/>
				<table:template>
					<Text wrapping="false" text="{path: 'Disposition', formatter: 'com.sap.cd.sttp.zcockpit.model.formatter.FixedValueFormatter.FixedValueDisposition'}"
						tooltip="{path: 'Disposition', formatter: 'com.sap.cd.sttp.zcockpit.model.formatter.FixedValueFormatter.FixedValueDisposition'}"/>
				</table:template>
			</table:Column>
			<table:Column id="Gln">
				<Label text="{/#ObjItem/Gln/@sap:label}" tooltip="{/#ObjItem/Gln/@sap:label}"/>
				<table:template>
					<Text wrapping="false" text="{Gln}" tooltip="{Gln}"/>
				</table:template>
			</table:Column>
			<table:Column id="GlnExt">
				<Label text="{/#ObjItem/GlnExt/@sap:label}" tooltip="{/#ObjItem/GlnExt/@sap:label}"/>
				<table:template>
					<Text wrapping="false" text="{GlnExt}" tooltip="{GlnExt}"/>
				</table:template>
			</table:Column>
			<core:Fragment fragmentName="com.sap.cd.sttp.zcockpit.extp.LOT_DETAIL_RELITEM_TABLE_COL" type="XML"/>
		</table:columns>
	</table:Table>
</core:FragmentDefinition>