<!-- 

 Copyright (C) 2009-2019 SAP SE or an SAP affiliate company. All rights reserved.

 --> 
<core:FragmentDefinition xmlns:core="sap.ui.core" xmlns:l="sap.ui.layout" xmlns="sap.m" xmlns:fb="sap.ui.comp.filterbar"
	xmlns:app="http://schemas.sap.com/sapui5/extension/sap.ui.core.CustomData/1">
	<fb:FilterBar id="filterbar" search="com.sap.cd.sttp.zcockpit.delegate.shared.MasterFilterDelegate.onSearch" app:entitySet="/ContainerSet"
		class="marginInsideShellContainer" showRestoreButton="false" showClearButton="true" showClearOnFB="true" filterBarExpanded="true"
		clear="com.sap.cd.sttp.zcockpit.delegate.shared.MasterFilterDelegate.onClear" persistencyKey="filterbarContainers">
		<fb:filterItems>
			<fb:FilterItem name="EpcIdUri" label="{i18n>LABEL_EPC_OR_GS1}" visibleInFilterBar="true">
				<fb:control>
					<Input name="EpcIdUri" type="Text"
						placeholder="{parts:['i18n>ENTER_PLACEHOLDER', '/#Container/EpcIdUri/@sap:label'], formatter: 'jQuery.sap.formatMessage'}"/>
				</fb:control>
			</fb:FilterItem>
			<fb:FilterItem name="Docnum" label="{/#Transaction/Docnum/@sap:label}" visibleInFilterBar="false">
				<fb:control>
					<Input name="Docnum" type="Text"
						placeholder="{parts:['i18n>ENTER_PLACEHOLDER', '/#Transaction/Docnum/@sap:label'], formatter: 'jQuery.sap.formatMessage'}"/>
				</fb:control>
			</fb:FilterItem>
			<fb:FilterItem name="Doctpe" label="{/#Transaction/Doctpe/@sap:label}" visibleInFilterBar="false">
				<fb:control>
					<Select name="Doctpe" items="{templateShareable: false, path:'fixedValues>/FixedValueSet/Doctpe'}">
						<core:Item key="{fixedValues>Domvalue_l}" text="{fixedValues>Domvalue_l} - {fixedValues>Ddtext}"/>
					</Select>
				</fb:control>
			</fb:FilterItem>
			<fb:FilterItem name="StatusObj" label="{/#Container/StatusObj/@sap:label}" visibleInFilterBar="false">
				<fb:control>
					<Select name="StatusObj" items="{templateShareable: false, path:'fixedValues>/FixedValueSet/StatusObj'}">
						<core:Item key="{fixedValues>Domvalue_l}" text="{fixedValues>Domvalue_l} - {fixedValues>Ddtext}"/>
					</Select>
				</fb:control>
			</fb:FilterItem>
			<fb:FilterItem name="StatusStock" label="{/#Container/StatusStock/@sap:label}" visibleInFilterBar="false">
				<fb:control>
					<Select name="StatusStock" items="{templateShareable: false, path:'fixedValues>/FixedValueSet/StatusStock'}">
						<core:Item key="{fixedValues>Domvalue_l}" text="{fixedValues>Domvalue_l} - {fixedValues>Ddtext}"/>
					</Select>
				</fb:control>
			</fb:FilterItem>
			<fb:FilterItem name="StatusPack" label="{/#Container/StatusPack/@sap:label}" visibleInFilterBar="false">
				<fb:control>
					<Select name="StatusPack" items="{templateShareable: false, path:'fixedValues>/FixedValueSet/StatusPack'}">
						<core:Item key="{fixedValues>Domvalue_l}" text="{fixedValues>Domvalue_l} - {fixedValues>Ddtext}"/>
					</Select>
				</fb:control>
			</fb:FilterItem>
			<fb:FilterItem name="Disposition" label="{/#Container/Disposition/@sap:label}" visibleInFilterBar="false">
				<fb:control>
					<Input name="Disposition" type="Text"
						placeholder="{parts:['i18n>ENTER_PLACEHOLDER', '/#Container/Disposition/@sap:label'], formatter: 'jQuery.sap.formatMessage'}"
						showValueHelp="true" valueHelpRequest="com.sap.cd.sttp.zcockpit.delegate.shared.MasterFilterDelegate.handleValueHelpRequest"/>
				</fb:control>
			</fb:FilterItem>
			<fb:FilterItem name="Gln" label="{/#Container/Gln/@sap:label}" visibleInFilterBar="false">
				<fb:control>
					<Input name="Gln" type="Text"
						placeholder="{parts:['i18n>ENTER_PLACEHOLDER', '/#Container/Gln/@sap:label'], formatter: 'jQuery.sap.formatMessage'}"/>
				</fb:control>
			</fb:FilterItem>
			<fb:FilterItem name="GlnExt" label="{/#Container/GlnExt/@sap:label}" visibleInFilterBar="false">
				<fb:control>
					<Input name="GlnExt" type="Text"
						placeholder="{parts:['i18n>ENTER_PLACEHOLDER', '/#Container/GlnExt/@sap:label'], formatter: 'jQuery.sap.formatMessage'}"/>
				</fb:control>
			</fb:FilterItem>
			<fb:FilterItem name="Trncode" label="{/#Transaction/Trncode/@sap:label}" visibleInFilterBar="false">
				<fb:control>
					<Input name="Trncode" type="Text"
						placeholder="{parts:['i18n>ENTER_PLACEHOLDER', '/#Transaction/Trncode/@sap:label'], formatter: 'jQuery.sap.formatMessage'}"/>
				</fb:control>
			</fb:FilterItem>
			<fb:FilterItem name="Bizttype" label="{/#Transaction/Bizttype/@sap:label}" visibleInFilterBar="false">
				<fb:control>
					<Select name="Bizttype" items="{templateShareable: false, path:'fixedValues>/FixedValueSet/BizTrnType'}">
						<core:Item key="{fixedValues>Domvalue_l}" text="{fixedValues>Domvalue_l} - {fixedValues>Ddtext}"/>
					</Select>
				</fb:control>
			</fb:FilterItem>
			<fb:FilterItem name="ModifiedUser" label="{/#Container/ModifiedUser/@sap:label}" visibleInFilterBar="false">
				<fb:control>
					<Input name="ModifiedUser" app:fragment="User" type="Text"
						placeholder="{parts:['i18n>ENTER_PLACEHOLDER', '/#Container/ModifiedUser/@sap:label'], formatter: 'jQuery.sap.formatMessage'}"
						showValueHelp="true" valueHelpRequest="com.sap.cd.sttp.zcockpit.delegate.shared.MasterFilterDelegate.handleValueHelpRequest"/>
				</fb:control>
			</fb:FilterItem>
			<fb:FilterItem name="ModifiedTime_From" label="{i18n>MODIFIED_TIME_FROM}" visibleInFilterBar="false">
				<fb:control>
					<DateTimeInput type="DateTime" valueFormat="yyyyMMddHHmmss" name="ModifiedTime_From" displayFormat="yyyy-MM-dd HH:mm"
						placeholder="{parts:['i18n>ENTER_PLACEHOLDER', 'i18n>MODIFIED_TIME_FROM'], formatter: 'jQuery.sap.formatMessage'}"/>
				</fb:control>
			</fb:FilterItem>
			<fb:FilterItem name="ModifiedTime_To" label="{i18n>MODIFIED_TIME_TO}" visibleInFilterBar="false">
				<fb:control>
					<DateTimeInput type="DateTime" valueFormat="yyyyMMddHHmmss" name="ModifiedTime_To" displayFormat="yyyy-MM-dd HH:mm"
						placeholder="{parts:['i18n>ENTER_PLACEHOLDER', 'i18n>MODIFIED_TIME_TO'], formatter: 'jQuery.sap.formatMessage'}"/>
				</fb:control>
			</fb:FilterItem>
		</fb:filterItems>
	</fb:FilterBar>
</core:FragmentDefinition>