<!-- 

 Copyright (C) 2009-2019 SAP SE or an SAP affiliate company. All rights reserved.

 --> 
<core:FragmentDefinition xmlns:core="sap.ui.core" xmlns="sap.m" xmlns:table="sap.ui.table">
	<table:Table id="masterTable" visibleRowCountMode="Auto" selectionMode="Single" selectionBehavior="RowOnly" editable="false"
		class="attTable attMasterTable" rowHeight="26" noData="{i18n>MASTER_TABLE_NO_DATA}">
		<table:toolbar>
			<Toolbar>
				<Label text="{i18n>CONTLIST_HEADER}"></Label>
				<ToolbarSpacer></ToolbarSpacer>
				<Button type="Transparent" id="persButton" icon="sap-icon://action-settings" tooltip="{i18n>OBJLIST_PERSONALIZE_BUTTON}"/>
				<Button type="Transparent" icon="sap-icon://excel-attachment" press="com.sap.cd.sttp.zcockpit.delegate.shared.ExportDelegate.exportDataFromTable"
					tooltip="{i18n>OBJLIST_EXPORT_BUTTON}"/>
			</Toolbar>
		</table:toolbar>
		<table:columns>
			<table:Column width="auto" sortProperty="Gs1EsB" id="Gs1EsB">
				<Label text="{/#Container/Gs1EsB/@sap:label}" tooltip="{/#Container/Gs1EsB/@sap:label}"></Label>
				<table:template>
					<Link text="{Gs1EsB}" tooltip="{Gs1EsB}" press="com.sap.cd.sttp.zcockpit.delegate.shared.CrossNavigationDelegate.navToContainer"></Link>
				</table:template>
			</table:Column>
			<table:Column width="auto" sortProperty="StatusStock" id="StatusStock">
				<Label text="{/#Container/StatusStock/@sap:label}" tooltip="{/#Container/StatusStock/@sap:label}"/>
				<table:template>
					<Text wrapping="false" text="{path: 'StatusStock', formatter: 'com.sap.cd.sttp.zcockpit.model.formatter.FixedValueFormatter.FixedValueStatusStock'}"
						tooltip="{path: 'StatusStock', formatter: 'com.sap.cd.sttp.zcockpit.model.formatter.FixedValueFormatter.FixedValueStatusStock'}"></Text>
				</table:template>
			</table:Column>
			<table:Column width="auto" sortProperty="StatusPack" id="StatusPack">
				<Label text="{/#Container/StatusPack/@sap:label}" tooltip="{/#Container/StatusPack/@sap:label}"/>
				<table:template>
					<Text wrapping="false" text="{path: 'StatusPack', formatter: 'com.sap.cd.sttp.zcockpit.model.formatter.FixedValueFormatter.FixedValueStatusPack'}"
						tooltip="{path: 'StatusPack', formatter: 'com.sap.cd.sttp.zcockpit.model.formatter.FixedValueFormatter.FixedValueStatusPack'}"></Text>
				</table:template>
			</table:Column>
			<table:Column width="auto" sortProperty="Disposition" id="Disposition">
				<Label text="{/#Container/Disposition/@sap:label}" tooltip="{/#Container/Disposition/@sap:label}"/>
				<table:template>
					<Text wrapping="false" text="{path: 'Disposition', formatter: 'com.sap.cd.sttp.zcockpit.model.formatter.FixedValueFormatter.FixedValueDisposition'}"
						tooltip="{path: 'Disposition', formatter: 'com.sap.cd.sttp.zcockpit.model.formatter.FixedValueFormatter.FixedValueDisposition'}"/>
				</table:template>
			</table:Column>
			<table:Column width="auto" sortProperty="Gln" id="Gln">
				<Label text="{/#Container/Gln/@sap:label}" tooltip="{/#Container/Gln/@sap:label}"/>
				<table:template>
					<Text wrapping="false" text="{Gln}" tooltip="{Gln}"/>
				</table:template>
			</table:Column>
			<table:Column width="auto" sortProperty="GlnExt" id="GlnExt">
				<Label text="{/#Container/GlnExt/@sap:label}" tooltip="{/#Container/GlnExt/@sap:label}"/>
				<table:template>
					<Text wrapping="false" text="{GlnExt}" tooltip="{GlnExt}"/>
				</table:template>
			</table:Column>
			<table:Column width="auto" visible="false" sortProperty="Weight" id="Weight">
				<Label text="{/#Container/Weight/@sap:label}" tooltip="{/#Container/Weight/@sap:label}"/>
				<table:template>
					<Text wrapping="false" text="{Weight}" tooltip="{Weight}"/>
				</table:template>
			</table:Column>
			<table:Column width="auto" visible="false" sortProperty="WeightUom" id="WeightUom">
				<Label text="{/#Container/WeightUom/@sap:label}" tooltip="{/#Container/WeightUom/@sap:label}"/>
				<table:template>
					<Text wrapping="false" text="{WeightUom}" tooltip="{WeightUom}"/>
				</table:template>
			</table:Column>
			<table:Column width="auto" visible="false" sortProperty="Volume" id="Volume">
				<Label text="{/#Container/Volume/@sap:label}" tooltip="{/#Container/Volume/@sap:label}"/>
				<table:template>
					<Text wrapping="false" text="{Volume}" tooltip="{Volume}"/>
				</table:template>
			</table:Column>
			<table:Column width="auto" visible="false" sortProperty="VolumeUom" id="VolumeUom">
				<Label text="{/#Container/VolumeUom/@sap:label}" tooltip="{/#Container/VolumeUom/@sap:label}"/>
				<table:template>
					<Text wrapping="false" text="{VolumeUom}" tooltip="{VolumeUom}"/>
				</table:template>
			</table:Column>
			<table:Column width="auto" visible="false" sortProperty="CusLog1" id="CusLog1">
				<Label text="{/#Container/CusLog1/@sap:label}" tooltip="{/#Container/CusLog1/@sap:label}"/>
				<table:template>
					<Text wrapping="false" text="{CusLog1}" tooltip="{CusLog1}"/>
				</table:template>
			</table:Column>
			<table:Column width="auto" visible="false" sortProperty="EpcIdUri" id="EpcIdUri">
				<Label text="{/#Container/EpcIdUri/@sap:label}" tooltip="{/#Container/EpcIdUri/@sap:label}"/>
				<table:template>
					<Text wrapping="false" text="{EpcIdUri}" tooltip="{EpcIdUri}"/>
				</table:template>
			</table:Column>
			<table:Column width="auto" visible="false" sortProperty="Serial" id="Serial">
				<Label text="{/#Container/Serial/@sap:label}" tooltip="{/#Container/Serial/@sap:label}"/>
				<table:template>
					<Text wrapping="false" text="{Serial}" tooltip="{Serial}"/>
				</table:template>
			</table:Column>
			<table:Column width="auto" visible="false" sortProperty="Locno" id="Locno">
				<Label text="{/#Container/Locno/@sap:label}" tooltip="{/#Container/Locno/@sap:label}"/>
				<table:template>
					<Text wrapping="false" text="{Locno}" tooltip="{Locno}"/>
				</table:template>
			</table:Column>
			<table:Column width="auto" visible="false" sortProperty="LocDescr" id="LocDescr">
				<Label text="{/#Container/LocDescr/@sap:label}" tooltip="{/#Container/LocDescr/@sap:label}"/>
				<table:template>
					<Text wrapping="false" text="{LocDescr}" tooltip="{LocDescr}"/>
				</table:template>
			</table:Column>
			<table:Column width="auto" visible="false" sortProperty="EpcIdUriLoc" id="EpcIdUriLoc">
				<Label text="{/#Container/EpcIdUriLoc/@sap:label}" tooltip="{/#Container/EpcIdUriLoc/@sap:label}"/>
				<table:template>
					<Text wrapping="false" text="{EpcIdUriLoc}" tooltip="{EpcIdUriLoc}"/>
				</table:template>
			</table:Column>
			<table:Column width="auto" visible="false" sortProperty="Owner" id="Owner">
				<Label text="{/#Container/Owner/@sap:label}" tooltip="{/#Container/Owner/@sap:label}"/>
				<table:template>
					<Text wrapping="false" text="{Owner}" tooltip="{Owner}"/>
				</table:template>
			</table:Column>
			<table:Column width="auto" visible="false" sortProperty="CreationUser" id="CreationUser">
				<Label text="{/#Container/CreationUser/@sap:label}" tooltip="{/#Container/CreationUser/@sap:label}"/>
				<table:template>
					<Text wrapping="false" text="{CreationUser}" tooltip="{CreationUser}"/>
				</table:template>
			</table:Column>
			<table:Column width="auto" visible="false" sortProperty="ModifiedUser" id="ModifiedUser">
				<Label text="{/#Container/ModifiedUser/@sap:label}" tooltip="{/#Container/ModifiedUser/@sap:label}"/>
				<table:template>
					<Text wrapping="false" text="{ModifiedUser}" tooltip="{ModifiedUser}"/>
				</table:template>
			</table:Column>
			<table:Column width="auto" visible="false" sortProperty="CreationTime" id="CreationTime">
				<Label text="{/#Container/CreationTime/@sap:label}" tooltip="{/#Container/CreationTime/@sap:label}"/>
				<table:template>
					<Text wrapping="false" text="{path: 'CreationTime', type: 'sap.ui.model.type.DateTime', formatOptions: { UTC:false, pattern: 'yyyy-MM-dd HH:mm:ss'}}"
						tooltip="{path: 'CreationTime', type: 'sap.ui.model.type.DateTime', formatOptions: { UTC:false, pattern: 'yyyy-MM-dd HH:mm:ss'}}"/>
				</table:template>
			</table:Column>
			<table:Column width="auto" visible="false" sortProperty="ModifiedTime" id="ModifiedTime">
				<Label text="{/#Container/ModifiedTime/@sap:label}" tooltip="{/#Container/ModifiedTime/@sap:label}"/>
				<table:template>
					<Text wrapping="false" text="{path: 'ModifiedTime', type: 'sap.ui.model.type.DateTime', formatOptions: { UTC:false, pattern: 'yyyy-MM-dd HH:mm:ss'}}"
						tooltip="{path: 'ModifiedTime', type: 'sap.ui.model.type.DateTime', formatOptions: { UTC:false, pattern: 'yyyy-MM-dd HH:mm:ss'}}"/>
				</table:template>
			</table:Column>
			<core:Fragment fragmentName="com.sap.cd.sttp.zcockpit.extp.CONT_MASTER_TABLE_COL" type="XML"/>
		</table:columns>
	</table:Table>
</core:FragmentDefinition>