<!-- 

 Copyright (C) 2009-2019 SAP SE or an SAP affiliate company. All rights reserved.

 --> 
<core:FragmentDefinition xmlns="sap.m" xmlns:core="sap.ui.core">
	<SelectDialog
        title="{i18n>SELECT_TRANSACTION}"
        class="hideSearch"
		items="{dialog>/AvTransactions}"
		confirm="com.sap.cd.sttp.zcockpit.delegate.shared.epcis.DialogDelegate.handleValueHelpCloseTrn" growingThreshold="0">
		<CustomListItem>
            <VBox class="transListItem">
                <ObjectAttribute text="{dialog>Trncode}"/>
                <ObjectAttribute title="{i18n>DOC_NUM_LABEL}" text="{path: 'dialog>Docnum', formatter: 'com.sap.cd.sttp.zcockpit.model.formatter.GeneralFormatter.RemoveLeadingZeros'}"/>
                <ObjectAttribute title="{i18n>DOC_TPE_LABEL}" text="{path: 'dialog>Doctpe', formatter: 'com.sap.cd.sttp.zcockpit.model.formatter.FixedValueFormatter.FixedValueDoctpe'}"/>
            </VBox>
        </CustomListItem>
	</SelectDialog>
</core:FragmentDefinition>