<!-- 

 Copyright (C) 2009-2019 SAP SE or an SAP affiliate company. All rights reserved.

 --> 
<core:FragmentDefinition xmlns="sap.m" xmlns:core="sap.ui.core">
	<SelectDialog
        title="{i18n>SELECT_BIZLOC}"
        class="hideSearch"
		items="{config>/bizlocs}"
		confirm="com.sap.cd.sttp.zcockpit.delegate.shared.epcis.DialogDelegate.handleValueHelpCloseBizloc" growingThreshold="0">
		<CustomListItem>
            <VBox class="transListItem">
                <ObjectAttribute text="{= ${config>sgln} || ${i18n>BLANK_LOC} }"/>
                <ObjectAttribute title="{i18n>LOCNO}" text="{config>locno}"/>
                <ObjectAttribute title="{i18n>LOCNAME}" text="{config>loc_name}"/>
            </VBox>
        </CustomListItem>
	</SelectDialog>
</core:FragmentDefinition>