<!-- 

 Copyright (C) 2009-2019 SAP SE or an SAP affiliate company. All rights reserved.

 --> 
<core:FragmentDefinition xmlns:core="sap.ui.core" xmlns:l="sap.ui.layout" xmlns:m="sap.m" xmlns="sap.uxap">
     <ObjectPageLayout id="histHeader">
     <headerTitle>
            <ObjectPageHeader id="pageHeader" objectImageURI="sap-icon://tree" objectImageShape="Circle" objectTitle="{i18n>HISTHIER_DETAILS_HEADER}"
                objectSubtitle="{obj>/Gs1EsB}, {path: 'Evttime', type: 'sap.ui.model.type.DateTime', formatOptions: { pattern: 'yyyy-MM-dd HH:mm:ss',UTC:true}} {Evttzoneoffset}" isObjectIconAlwaysVisible="true">	
                <actions>
                    <ObjectPageHeaderActionButton class="hhHeaderButton" hideText="false" text="{i18n>GOTO_EVENT}" press="com.sap.cd.sttp.zcockpit.delegate.shared.CrossNavigationDelegate.navToEventByButton"/>
                    <ObjectPageHeaderActionButton tooltip="{i18n>COLLAPSE_EXP_HEADER}" icon="sap-icon://sorting-ranking" type="Transparent" press=".onCollapsePressed"/>
                </actions>
            </ObjectPageHeader>
        </headerTitle> 
    </ObjectPageLayout>
</core:FragmentDefinition>