<!-- 

 Copyright (C) 2009-2019 SAP SE or an SAP affiliate company. All rights reserved.

 --> 
<core:FragmentDefinition xmlns:core="sap.ui.core" xmlns:l="sap.ui.layout" xmlns:m="sap.m" xmlns="sap.uxap">
    <ObjectPageLayout id="eventDetailsForm" class="hhHeaderContent">
        <headerContent>
        
            <!--<l:VerticalLayout>
                <l:layoutData>
                    <ObjectPageHeaderLayoutData showSeparatorAfter="true"/>
                </l:layoutData>
                <m:ObjectStatus title="{/#ObjItem/Gs1EsB/@sap:label}" text="{obj>/Gs1EsB}"/>
                <m:ObjectStatus title="{/#ObjItem/Descr/@sap:label}" text="{obj>/Descr}"/>  
                <m:ObjectStatus title="{/#ObjItem/Lotno/@sap:label}" text="{obj>/Lotno}"/> 
                <m:ObjectStatus title="{/#ObjItem/QtyProd/@sap:label}" text="{obj>/QtyProd}"/>                   
            </l:VerticalLayout>-->
            
            <core:Fragment fragmentName="com.sap.cd.sttp.zcockpit.fragment.events.detail.NewHeaderContent" type="XML"/>
        </headerContent>
    </ObjectPageLayout>
</core:FragmentDefinition>