<!-- 

 Copyright (C) 2009-2019 SAP SE or an SAP affiliate company. All rights reserved.

 --> 
<core:FragmentDefinition xmlns:core="sap.ui.core" xmlns="sap.ui.table" xmlns:m="sap.m">
	<TreeTable id="treeTable" visibleRowCountMode="Auto" selectionMode="Single" selectionBehavior="RowOnly" editable="false"
		class="attTable" rowHeight="26" expandFirstLevel="true">
		<columns>
			<Column id="Gs1EsB">
				<label>
					<m:Label text="{/#HierarchyNode/Gs1EsB/@sap:label}" tooltip="{/#HierarchyNode/Gs1EsB/@sap:label}"/>
				</label>
				<template>
					<m:Link text="{hry>n}" tooltip="{hry>n}" press="com.sap.cd.sttp.zcockpit.delegate.shared.CrossNavigationDelegate.navToObjectByType"
						emphasized="{hry>h}"></m:Link>
				</template>
			</Column>
			<Column id="Objtype">
				<label>
					<m:Label text="{/#HierarchyNode/ObjType/@sap:label}" tooltip="{/#HierarchyNode/ObjType/@sap:label}"/>
				</label>
				<template>
					<m:Text text="{path: 'hry>t', formatter: 'com.sap.cd.sttp.zcockpit.model.formatter.FixedValueFormatter.FixedValueObjType'}" tooltip="{path: 'hry>t', formatter: 'com.sap.cd.sttp.zcockpit.model.formatter.FixedValueFormatter.FixedValueObjType'}"></m:Text>
				</template>
			</Column>
			<Column id="Qty">
				<label>
					<m:Label text="{/#HierarchyNode/Quantity/@sap:label}" tooltip="{/#HierarchyNode/Quantity/@sap:label}"/>
				</label>
				<template>
					<m:Text text="{hry>q}" tooltip="{hry>q}"></m:Text>
				</template>
			</Column>
			<Column id="Uom">
				<label>
					<m:Label text="{/#HierarchyNode/UoM/@sap:label}" tooltip="{/#HierarchyNode/UoM/@sap:label}"/>
				</label>
				<template>
					<m:Text text="{hry>u}" tooltip="{hry>u}"></m:Text>
				</template>
			</Column>
			<core:Fragment fragmentName="com.sap.cd.sttp.zcockpit.extp.HIST_HIERARCHY_TABLE_COL" type="XML"/>
		</columns>
	</TreeTable>
</core:FragmentDefinition>