<!-- 

 Copyright (C) 2009-2019 SAP SE or an SAP affiliate company. All rights reserved.

 --> 
<core:FragmentDefinition xmlns:core="sap.ui.core" xmlns:l="sap.ui.layout" xmlns:f="sap.ui.layout.form" xmlns="sap.m">
	<!-- Some Changes -->
	<l:ResponsiveFlowLayout>
		<l:content>
			<l:VerticalLayout width="100%">
				<l:content>
					<!-- Some other changes -->
					<core:Fragment fragmentName="com.sap.cd.sttp.zcockpit.fragment.shared.detail.additionalData.DynamicAttrForm" type="XML"/>
					<core:Fragment fragmentName="com.sap.cd.sttp.zcockpit.fragment.shared.detail.additionalData.AddStaticAttrAD" type="XML"/>
				</l:content>
			</l:VerticalLayout>
			<l:VerticalLayout width="100%">
				<l:content>
					<!--<core:Fragment-->
					<!--	fragmentName="com.sap.cd.sttp.zcockpit.view.objects.fragments.detail.additionalData.AddStaticAttrBL"-->
					<!--	type="XML" />-->
					<core:Fragment fragmentName="com.sap.cd.sttp.zcockpit.fragment.objects.detail.additionalData.AddStaticAttrLot" type="XML"/>
				</l:content>
			</l:VerticalLayout>
		</l:content>
	</l:ResponsiveFlowLayout>
</core:FragmentDefinition>