<!-- 

 Copyright (C) 2009-2019 SAP SE or an SAP affiliate company. All rights reserved.

 --> 
<core:FragmentDefinition xmlns="sap.m" xmlns:f="sap.ui.layout.form" xmlns:core="sap.ui.core" xmlns:layout="sap.ui.layout">
	<f:SimpleForm binding="{Lot}" minWidth="1024" labelSpanM="3" labelSpanL="3" columnsL="1" columnsM="1" editable="false" layout="ResponsiveGridLayout">
		<core:Title text="{i18n>OBJ_LOT_DETAILS_HEADER}"/>
		<Label text="{/#Lot/Lotno/@sap:label}" tooltip="{/#Lot/Lotno/@sap:label}"/>
		<Link text="{Lotno}" press="com.sap.cd.sttp.zcockpit.delegate.shared.CrossNavigationDelegate.navFromObjectToLot"/>
		<Label text="{/#Lot/Gs1EsB/@sap:label}" tooltip="{/#Lot/Gs1EsB/@sap:label}"/>
		<Link text="{Gs1EsB}" press="com.sap.cd.sttp.zcockpit.delegate.shared.CrossNavigationDelegate.navFromObjectToLot"/>
		<Label text="{/#Lot/EpcClassUri/@sap:label}" tooltip="{/#Lot/EpcClassUri/@sap:label}"/>
		<Link text="{EpcClassUri}" press="com.sap.cd.sttp.zcockpit.delegate.shared.CrossNavigationDelegate.navFromObjectToLot"/>
		<Label text="{/#Lot/StatusObj/@sap:label}" tooltip="{/#Lot/StatusObj/@sap:label}"/>
		<Text text="{parts:[{path:'StatusObj'}], formatter:'com.sap.cd.sttp.zcockpit.model.formatter.FixedValueFormatter.FixedValueStatusObj'}"
			tooltip="{parts:[{path:'StatusObj'}], formatter:'com.sap.cd.sttp.zcockpit.model.formatter.FixedValueFormatter.FixedValueStatusObj'}"/>
		<Label text="{/#Lot/Disposition/@sap:label}" tooltip="{/#Lot/Disposition/@sap:label}"/>
		<Text text="{path: 'Disposition', formatter: 'com.sap.cd.sttp.zcockpit.model.formatter.FixedValueFormatter.FixedValueDisposition'}"/>
		<Label text="{/#Lot/Gln/@sap:label}" tooltip="{/#Lot/Gln/@sap:label}"/>
		<Text text="{Gln}"/>
		<Label text="{/#Lot/GlnExt/@sap:label}" tooltip="{/#Lot/GlnExt/@sap:label}"/>
		<Text text="{GlnExt}"/>
		<Label text="{/#Lot/Datex/@sap:label}" tooltip="{/#Lot/Datex/@sap:label}"/>
		<Text text="{path: 'Datex', type: 'sap.ui.model.type.DateTime', formatOptions: { pattern: 'yyyy-MM-dd', UTC: true }}"/>
		<Label text="{/#Lot/Datmf/@sap:label}" tooltip="{/#Lot/Datmf/@sap:label}"/>
		<Text text="{path: 'Datmf', type: 'sap.ui.model.type.DateTime', formatOptions: { pattern: 'yyyy-MM-dd', UTC: true }}"/>
		<Label text="{/#Lot/ItemCount/@sap:label}" tooltip="{/#Lot/ItemCount/@sap:label}"/>
		<Text text="{ItemCount}"/>
		<Label text="{/#Lot/QtyProd/@sap:label}" tooltip="{/#Lot/QtyProd/@sap:label}"/>
		<Text text="{QtyProd}"/>
	</f:SimpleForm>
</core:FragmentDefinition>