<!-- 

 Copyright (C) 2009-2019 SAP SE or an SAP affiliate company. All rights reserved.

 --> 
<core:FragmentDefinition xmlns:core="sap.ui.core" xmlns:l="sap.ui.layout" xmlns:f="sap.ui.layout.form" xmlns="sap.m">
	<f:SimpleForm minWidth="1024" maxContainerCols="3" editable="false" layout="ResponsiveGridLayout" labelSpanL="5" labelSpanM="5"
		emptySpanL="0" emptySpanM="0" columnsL="2" columnsM="2">
		<core:Title text="{i18n>TRN_IDENTIFIERS_HEADER}"/>
		<Label text="{/#Transaction/Trncode/@sap:label}" tooltip="{/#Transaction/Trncode/@sap:label}"/>
		<Text text="{Trncode}"/>
		<Label text="{/#Transaction/Bizttype/@sap:label}" tooltip="{/#Transaction/Bizttype/@sap:label}"/>
		<Text text="{path: 'Bizttype', formatter: 'com.sap.cd.sttp.zcockpit.model.formatter.FixedValueFormatter.FixedValueBizTrnType'}"/>
		<Label text="{/#Transaction/StatusTrn/@sap:label}" tooltip="{/#Transaction/StatusTrn/@sap:label}"/>
		<Text text="{path: 'StatusTrn', formatter: 'com.sap.cd.sttp.zcockpit.model.formatter.FixedValueFormatter.FixedValueStatusTrn'}"/>
		<core:Title text="{i18n>TRN_ERP_DATA_HEADER}"/>
		<Label text="{/#Transaction/Docnum/@sap:label}" tooltip="{/#Transaction/Docnum/@sap:label}"/>
		<Text text="{path: 'Docnum', formatter: 'com.sap.cd.sttp.zcockpit.model.formatter.GeneralFormatter.RemoveLeadingZeros'}"/>
		<Label text="{/#Transaction/Doctpe/@sap:label}" tooltip="{/#Transaction/Doctpe/@sap:label}"/>
		<Text text="{path: 'Doctpe', formatter: 'com.sap.cd.sttp.zcockpit.model.formatter.FixedValueFormatter.FixedValueDoctpe'}"/>
		<Label text="{/#Transaction/Docyr/@sap:label}" tooltip="{/#Transaction/Docyr/@sap:label}"/>
		<Text text="{path: 'Docyr'}"/>
		<Label text="{/#Transaction/Gln/@sap:label}" tooltip="{/#Transaction/Gln/@sap:label}"/>
		<Text text="{Gln}"/>
		<Label text="{/#Transaction/Logsys/@sap:label}" tooltip="{/#Transaction/Logsys/@sap:label}"/>
		<Text text="{Logsys}"/>
		<Label text="{/#Transaction/StatusHdr/@sap:label}" tooltip="{/#Transaction/StatusHdr/@sap:label}"/>
		<Text text="{path: 'StatusHdr', formatter: 'com.sap.cd.sttp.zcockpit.model.formatter.FixedValueFormatter.FixedValueStatusHdr'}"/>
	</f:SimpleForm>
</core:FragmentDefinition>