<!-- 

 Copyright (C) 2009-2019 SAP SE or an SAP affiliate company. All rights reserved.

 --> 
<core:FragmentDefinition xmlns:core="sap.ui.core" xmlns:l="sap.ui.layout" xmlns="sap.m" xmlns:uxap="sap.uxap">
	<l:VerticalLayout>
		<l:layoutData>
			<uxap:ObjectPageHeaderLayoutData/>
		</l:layoutData>
		<ObjectStatus title="{/#Transaction/Bizttype/@sap:label}" text="{path: 'Bizttype', formatter: 'com.sap.cd.sttp.zcockpit.model.formatter.FixedValueFormatter.FixedValueBizTrnType'}"/>
		<ObjectStatus title="{/#Transaction/StatusTrn/@sap:label}" text="{path: 'StatusTrn', formatter: 'com.sap.cd.sttp.zcockpit.model.formatter.FixedValueFormatter.FixedValueStatusTrn'}"/>
		<ObjectStatus title="{/#Transaction/StatusHdr/@sap:label}" text="{path: 'StatusHdr', formatter: 'com.sap.cd.sttp.zcockpit.model.formatter.FixedValueFormatter.FixedValueStatusHdr'}"/>
	</l:VerticalLayout>

	<l:VerticalLayout>
		<l:layoutData>
			<uxap:ObjectPageHeaderLayoutData/>
		</l:layoutData>
		<ObjectStatus title="{/#Transaction/Gln/@sap:label}" text="{Gln}"/>
		<ObjectStatus title="{/#Transaction/Logsys/@sap:label}" text="{Logsys}"/>
	</l:VerticalLayout>

	<l:VerticalLayout>
		<l:layoutData>
			<uxap:ObjectPageHeaderLayoutData/>
		</l:layoutData>
		<ObjectStatus title="{/#Transaction/Docnum/@sap:label}" text="{path: 'Docnum', formatter: 'com.sap.cd.sttp.zcockpit.model.formatter.GeneralFormatter.RemoveLeadingZeros'}"/>
		<ObjectStatus title="{/#Transaction/Doctpe/@sap:label}" text="{path: 'Doctpe', formatter: 'com.sap.cd.sttp.zcockpit.model.formatter.FixedValueFormatter.FixedValueDoctpe'}"/>
		<ObjectStatus title="{/#Transaction/Docyr/@sap:label}" text="{Docyr}"/>
		<ObjectStatus title="{/#Transaction/Disposition/@sap:label}" text="{path: 'Disposition', formatter: 'com.sap.cd.sttp.zcockpit.model.formatter.FixedValueFormatter.FixedValueDisposition'}"/>
	</l:VerticalLayout>	
</core:FragmentDefinition>