<!-- 

 Copyright (C) 2009-2019 SAP SE or an SAP affiliate company. All rights reserved.

 --> 
<core:FragmentDefinition xmlns:core="sap.ui.core" xmlns:l="sap.ui.layout" xmlns:f="sap.ui.layout.form" xmlns="sap.m">


	 <!-- <f:SimpleForm class="noPaddingTop" id="eventDetailsForm" visible="false" editable="false" layout="ResponsiveGridLayout" breakpointM="9998" breakpointL="9999"> -->
	 <f:SimpleForm class="noPaddingTop" id="eventDetailsForm" visible="false" minWidth="1024" editable="false" layout="ResponsiveGridLayout" labelSpanM="3" labelSpanL="3" columnsL="1" columnsM="1">
		<core:Title text="{i18n>OBJ_EVT_DETAILS_HEADER}"/>
		<Label text="{/#Event/Disposition/@sap:label}" tooltip="{/#Event/Disposition/@sap:label}"/>
		<Text text="{path: 'Disposition', formatter: 'com.sap.cd.sttp.zcockpit.model.formatter.FixedValueFormatter.FixedValueDisposition'}"/>
		<core:Title text="{i18n>OBJ_EVT_DETAILS_LOC_HEADER}"/>
		<Label text="{/#Event/BizlocGln/@sap:label}" tooltip="{/#Event/BizlocGln/@sap:label}"/>
		<Text text="{BizlocGln}"/>
		<Label text="{/#Event/BizlocGlnExt/@sap:label}" tooltip="{/#Event/BizlocGlnExt/@sap:label}"/>
		<Text text="{BizlocGlnExt}"/>
		<Label text="{/#Event/BizlocEpcIdUri/@sap:label}" tooltip="{/#Event/BizlocEpcIdUri/@sap:label}"/>
		<Text text="{BizlocEpcIdUri}"/>
		<Label text="{/#Event/BizlocLocno/@sap:label}" tooltip="{/#Event/BizlocLocno/@sap:label}"/>
		<Text text="{BizlocLocno}"/>
		<Label text="{/#Event/BizlocLocDescr/@sap:label}" tooltip="{/#Event/BizlocLocDescr/@sap:label}"/>
		<Text text="{BizlocLocDescr}"/>
		<core:Title text="{i18n>OBJ_EVT_DETAILS_READPOINT_HEADER}"/>
		<Label text="{/#Event/ReadpntGln/@sap:label}" tooltip="{/#Event/ReadpntGln/@sap:label}"/>
		<Text text="{ReadpntGln}"/>
		<Label text="{/#Event/ReadpntGlnExt/@sap:label}" tooltip="{/#Event/ReadpntGlnExt/@sap:label}"/>
		<Text text="{ReadpntGlnExt}"/>
		<Label text="{/#Event/ReadpntEpcIdUri/@sap:label}" tooltip="{/#Event/ReadpntEpcIdUri/@sap:label}"/>
		<Text text="{ReadpntEpcIdUri}"/>
		<Label text="{/#Event/ReadpntLocno/@sap:label}" tooltip="{/#Event/ReadpntLocno/@sap:label}"/>
		<Text text="{ReadpntLocno}"/>
		<Label text="{/#Event/ReadpntLocDescr/@sap:label}" tooltip="{/#Event/ReadpntLocDescr/@sap:label}"/>
		<Text text="{ReadpntLocDescr}"/>
	</f:SimpleForm> 
</core:FragmentDefinition>