<!-- 

 Copyright (C) 2009-2019 SAP SE or an SAP affiliate company. All rights reserved.

 --> 
<core:FragmentDefinition xmlns:core="sap.ui.core" xmlns="sap.m" xmlns:vbm="sap.ui.vbm" xmlns:commons="sap.ui.commons">
	
	<Text id="noMapText" text="{i18n>NO_MAP_PROVIDER}" visible="false"/>
	<vbm:GeoMap
		id="theMap"
		busy="false"
		busyIndicatorDelay="1000"
		visible="true"
		fieldGroupIds="[]"
		width="100%"
		height="100%"
		plugin="false"
		legendVisible="true"
		scaleVisible="true"
		navcontrolVisible="true"
		rectangularSelection="false"
		lassoSelection="false"
		rectZoom="false"
		initialZoom="4"
		intitialPosition="0;0;0"
		refMapLayerStack="Default"
		visualFrame=""
		clustering=""
		disableZoom="false"
		disablePan="false"
		validationSuccess=""
		validationError=""
		parseError=""
		formatError=""
		validateFieldGroup=""
		submit=""
		thumbnailClick=""
		render=""
		changeTrackingMode=""
		zoom=""
		move=""
		openWindow=""
		closeWindow=""
		click=""
		contextMenu=""
		drop=""
		select=""
		zoomChanged=""
		centerChanged="">
		
		<vbm:vos>
			<vbm:Spots id="theSpots">
			</vbm:Spots>
			<vbm:Routes id="theRoutes">
			</vbm:Routes>
		</vbm:vos>
	</vbm:GeoMap>
</core:FragmentDefinition>