<!-- 

 Copyright (C) 2009-2019 SAP SE or an SAP affiliate company. All rights reserved.

 --> 
<core:FragmentDefinition xmlns:core="sap.ui.core" xmlns:l="sap.ui.layout" xmlns="sap.m">
	<Table id="eventsMasterTable" inset="false" width="auto" growing="false" class="marginInsideShellContainer sapUiSizeCompact"
		items="{Evt}"
		itemPress="com.sap.cd.sttp.zcockpit.delegate.shared.DetailsDelegate.handleEventPressed" showUnread="true"
		updateFinished="com.sap.cd.sttp.zcockpit.delegate.shared.DetailsDelegate.onEventsLoaded">
		<layoutData>
			<l:SplitterLayoutData size="60%"/>
		</layoutData>
		<columns>
			<Column minScreenWidth="Large" demandPopin="true">
				<Label text="{/#Event/Evttype/@sap:label}"/>
			</Column>
			<Column minScreenWidth="Large" demandPopin="false">
				<Label text="{/#Event/Evttime/@sap:label}"/>
			</Column>
			<Column minScreenWidth="Large" demandPopin="false">
				<Label text="{/#Event/Bizstep/@sap:label}"/>
			</Column>
			<Column minScreenWidth="Large" demandPopin="false">
				<Label text="{/#Event/Evtaction/@sap:label}"/>
			</Column>
			<Column minScreenWidth="Large" width="5%" demandPopin="false">
				<Label text="{i18n>COLUMN_TITLE_FILE}"/>
			</Column>
			<Column minScreenWidth="Large" width="5%" demandPopin="false" visible="{= ${EpcIdUri} !== undefined }">
				<Label text="{i18n>COLUMN_HIST_HIER}"/>
			</Column>
			<core:Fragment fragmentName="com.sap.cd.sttp.zcockpit.extp.SHARED_DETAIL_EVENT_TABLE_COL" type="XML"/>
		</columns>
		<ColumnListItem type="Active">
			<cells>
				<Button type="Transparent" width="100%" icon="{path:'Evttype', formatter:'com.sap.cd.sttp.zcockpit.model.formatter.GeneralFormatter.eventTypeIconFormatter'}"
					tooltip="{path: 'Evttype', formatter: 'com.sap.cd.sttp.zcockpit.model.formatter.FixedValueFormatter.FixedValueEvttype'}"
					text="{path: 'Evttype', formatter: 'com.sap.cd.sttp.zcockpit.model.formatter.FixedValueFormatter.FixedValueEvttype'}"
					press="com.sap.cd.sttp.zcockpit.delegate.shared.CrossNavigationDelegate.navToEventByButton"/>
				<!--<HBox>
					<core:Icon src="{path:'Evttype', formatter:'com.sap.cd.sttp.zcockpit.model.formatter.GeneralFormatter.eventTypeIconFormatter'}" class="iconMarginRight"
						tooltip="{path: 'Evttype', formatter: 'com.sap.cd.sttp.zcockpit.model.formatter.FixedValueFormatter.FixedValueEvttype'}" width="20px"/>
					<Link text="{path: 'Evttype', formatter: 'com.sap.cd.sttp.zcockpit.model.formatter.FixedValueFormatter.FixedValueEvttype'}" wrapping="true"
						press="com.sap.cd.sttp.zcockpit.delegate.shared.CrossNavigationDelegate.navToEventByButton"/>
				</HBox>-->
				<Text text="{path: 'Evttime', type: 'sap.ui.model.type.DateTime', formatOptions: { pattern: 'yyyy-MM-dd HH:mm:ss',UTC:true}} {Evttzoneoffset}"/>
				<Text text="{path: 'Bizstep', formatter: 'com.sap.cd.sttp.zcockpit.model.formatter.FixedValueFormatter.FixedValueBizstep'}"/>
<!--				<Button type="Transparent" width="100%" icon="{path:'Evtaction', formatter:'com.sap.cd.sttp.zcockpit.model.formatter.GeneralFormatter.statusButtonFormatter'}"
					tooltip="{Evtaction}" text="{Evtaction}" enabled="false"/>-->
				<HBox width="100%">
					<core:Icon src="{path:'Evtaction', formatter:'com.sap.cd.sttp.zcockpit.model.formatter.GeneralFormatter.statusButtonFormatter'}" tooltip="{Evtaction}"
						class="iconMarginRight"/>
					<Text text="{Evtaction}"/>
				</HBox>
				<Button icon="sap-icon://document-text" press="com.sap.cd.sttp.zcockpit.delegate.shared.MessageFileDelegate.onShowEPCISMessageFilePress"
					tooltip="{i18n>SHOW_FILE}" type="Transparent"></Button>
				<Button icon="sap-icon://tree" press="com.sap.cd.sttp.zcockpit.delegate.shared.CrossNavigationDelegate.navToHistHierarchy"
					tooltip="{i18n>NAV_HIST_HIER}" type="Transparent"></Button>
				<core:Fragment fragmentName="com.sap.cd.sttp.zcockpit.extp.SHARED_DETAIL_EVENT_TABLE_CELL" type="XML"/>
			</cells>
		</ColumnListItem>
	</Table>
</core:FragmentDefinition>