<!-- 

 Copyright (C) 2009-2019 SAP SE or an SAP affiliate company. All rights reserved.

 --> 
<core:FragmentDefinition xmlns:core="sap.ui.core" xmlns:l="sap.ui.layout" xmlns="sap.m" xmlns:fb="sap.ui.comp.filterbar"
	xmlns:app="http://schemas.sap.com/sapui5/extension/sap.ui.core.CustomData/1">
	<fb:FilterBar id="filterbar" search="com.sap.cd.sttp.zcockpit.delegate.shared.MasterFilterDelegate.onSearch" app:entitySet="/AuthRequestSet"
		class="marginInsideShellTransaction" showRestoreButton="false" showClearButton="true" showClearOnFB="true" filterBarExpanded="true"
		clear="com.sap.cd.sttp.zcockpit.delegate.shared.MasterFilterDelegate.onClear" persistencyKey="filterbarAuthRequests">
		<fb:filterItems>
			<fb:FilterItem name="AuthTime_From" label="{i18n>AUTH_TIME_FROM}" visibleInFilterBar="true">
				<fb:control>
					<DateTimeInput value="{settings>/TodayBegin}" type="DateTime" valueFormat="yyyyMMddHHmmss" name="AuthTime_From" displayFormat="yyyy-MM-dd HH:mm"
						placeholder="{parts:['i18n>ENTER_PLACEHOLDER', 'i18n>AUTH_TIME_FROM'], formatter: 'jQuery.sap.formatMessage'}"/>
				</fb:control>
			</fb:FilterItem>
			<fb:FilterItem name="AuthTime_To" label="{i18n>AUTH_TIME_TO}" visibleInFilterBar="true">
				<fb:control>
					<DateTimeInput value="{settings>/TodayEnd}" type="DateTime" valueFormat="yyyyMMddHHmmss" name="AuthTime_To" displayFormat="yyyy-MM-dd HH:mm"
						placeholder="{parts:['i18n>ENTER_PLACEHOLDER', 'i18n>AUTH_TIME_TO'], formatter: 'jQuery.sap.formatMessage'}"/>
				</fb:control>
			</fb:FilterItem>
			<fb:FilterItem name="AuthResultSum" label="{/#AuthRequest/AuthResultSum/@sap:label}" visibleInFilterBar="false">
				<fb:control>
					<Select name="AuthResultSum" items="{templateShareable: false, path:'fixedValues>/FixedValueSet/AuthResultSum'}">
						<core:Item key="{fixedValues>Domvalue_l}" text="{fixedValues>Domvalue_l} - {fixedValues>Ddtext}"/>
					</Select>
				</fb:control>
			</fb:FilterItem>
			<fb:FilterItem name="AuthSystemName" label="{/#AuthRequest/AuthSystemName/@sap:label}" visibleInFilterBar="false">
				<fb:control>
					<Input name="AuthSystemName" type="Text"
						placeholder="{parts:['i18n>ENTER_PLACEHOLDER', '/#AuthRequest/AuthSystemName/@sap:label'], formatter: 'jQuery.sap.formatMessage'}"/>
				</fb:control>
			</fb:FilterItem>
			<fb:FilterItem name="AuthUser" label="{/#AuthRequest/AuthUser/@sap:label}" visibleInFilterBar="false">
				<fb:control>
					<Input name="AuthUser" app:fragment="User" type="Text"
						placeholder="{parts:['i18n>ENTER_PLACEHOLDER', '/#AuthRequest/AuthUser/@sap:label'], formatter: 'jQuery.sap.formatMessage'}"
						showValueHelp="true" valueHelpRequest="com.sap.cd.sttp.zcockpit.delegate.shared.MasterFilterDelegate.handleValueHelpRequest"/>
				</fb:control>
			</fb:FilterItem>
			<fb:FilterItem name="AuthObjCode" label="{/#AuthRequest/AuthObjCode/@sap:label}" visibleInFilterBar="false">
				<fb:control>
					<Input name="AuthObjCode" type="Text"
						placeholder="{parts:['i18n>ENTER_PLACEHOLDER', '/#AuthRequest/AuthObjCode/@sap:label'], formatter: 'jQuery.sap.formatMessage'}"/>
				</fb:control>
			</fb:FilterItem>
		</fb:filterItems>
	</fb:FilterBar>
</core:FragmentDefinition>