<!-- 

 Copyright (C) 2009-2019 SAP SE or an SAP affiliate company. All rights reserved.

 --> 
<core:FragmentDefinition xmlns:core="sap.ui.core" xmlns="sap.m" xmlns:table="sap.ui.table">
	<table:Table id="masterTable" visibleRowCountMode="Auto" selectionMode="Single" selectionBehavior="RowOnly" editable="false"
		class="attTable attMasterTable" rowHeight="26" noData="{i18n>MASTER_TABLE_NO_DATA}">
		<table:toolbar>
			<Toolbar>
				<Label text="{i18n>AUTHREQLIST_HEADER}"></Label>
				<ToolbarSpacer></ToolbarSpacer>
				<Button type="Transparent" id="persButton" icon="sap-icon://action-settings" tooltip="{i18n>OBJLIST_PERSONALIZE_BUTTON}"/>
				<Button type="Transparent" icon="sap-icon://excel-attachment" press="com.sap.cd.sttp.zcockpit.delegate.shared.ExportDelegate.exportDataFromTable"
					tooltip="{i18n>OBJLIST_EXPORT_BUTTON}"/>
			</Toolbar>
		</table:toolbar>
		<table:columns>
			<table:Column width="auto" sortProperty="AuthTime" id="AuthTime">
				<Label text="{/#AuthRequest/AuthTime/@sap:label}" tooltip="{/#AuthRequest/AuthTime/@sap:label}"></Label>
				<table:template>
					<Link text="{path: 'AuthTime', type: 'sap.ui.model.type.DateTime', formatOptions: { pattern: 'yyyy-MM-dd HH:mm:ss',UTC:false } }"
						tooltip="{path: 'AuthTime', type: 'sap.ui.model.type.DateTime', formatOptions: { pattern: 'yyyy-MM-dd HH:mm:ss',UTC:false } }"
						press="com.sap.cd.sttp.zcockpit.delegate.shared.CrossNavigationDelegate.navToAuthRequest"></Link>
				</table:template>
			</table:Column>
			<table:Column width="auto" sortProperty="AuthSystem" id="AuthSystem">
				<Label text="{/#AuthRequest/AuthSystemName/@sap:label}" tooltip="{/#AuthRequest/AuthSystemName/@sap:label}"/>
				<table:template>
					<Text wrapping="false" text="{AuthSystemName}" tooltip="{AuthSystemName}"></Text>
				</table:template>
			</table:Column>
			<table:Column width="auto" sortProperty="AuthUser" id="AuthUser">
				<Label text="{/#AuthRequest/AuthUser/@sap:label}" tooltip="{/#AuthRequest/AuthUser/@sap:label}"/>
				<table:template>
					<Text wrapping="false" text="{AuthUser}" tooltip="{AuthUser}"></Text>
				</table:template>
			</table:Column>
			<table:Column width="auto" sortProperty="Latitude" id="Latitude">
				<Label text="{/#AuthRequest/Latitude/@sap:label}" tooltip="{/#AuthRequest/Latitude/@sap:label}"/>
				<table:template>
					<Text wrapping="false" text="{Latitude}" tooltip="{path: 'Latitude', formatter: 'com.sap.cd.sttp.zcockpit.model.formatter.GeneralFormatter.ToString'}"/>
				</table:template>
			</table:Column>
			<table:Column width="auto" sortProperty="Longitude" id="Longitude">
				<Label text="{/#AuthRequest/Longitude/@sap:label}" tooltip="{/#AuthRequest/Longitude/@sap:label}"/>
				<table:template>
					<Text wrapping="false" text="{Longitude}" tooltip="{path: 'Longitude', formatter: 'com.sap.cd.sttp.zcockpit.model.formatter.GeneralFormatter.ToString'}"/>
				</table:template>
			</table:Column>
			<table:Column width="auto" sortProperty="AuthResultSum" id="AuthResultSum">
				<Label text="{/#AuthRequest/AuthResultSum/@sap:label}" tooltip="{/#AuthRequest/AuthResultSum/@sap:label}"/>
				<table:template>
					<Text wrapping="false" text="{path: 'AuthResultSum', formatter: 'com.sap.cd.sttp.zcockpit.model.formatter.FixedValueFormatter.FixedValueAuthResultSum'}"
						tooltip="{path: 'AuthResultSum', formatter: 'com.sap.cd.sttp.zcockpit.model.formatter.FixedValueFormatter.FixedValueAuthResultSum'}"/>
				</table:template>
			</table:Column>
			<core:Fragment fragmentName="com.sap.cd.sttp.zcockpit.extp.AUTHREQ_MASTER_TABLE_COL" type="XML"/>
		</table:columns>
	</table:Table>
</core:FragmentDefinition>