<!-- 

 Copyright (C) 2009-2019 SAP SE or an SAP affiliate company. All rights reserved.

 --> 
<?xml version="1.0" encoding="utf-8"?><edmx:Edmx Version="1.0" xmlns:edmx="http://schemas.microsoft.com/ado/2007/06/edmx" xmlns:m="http://schemas.microsoft.com/ado/2007/08/dataservices/metadata" xmlns:sap="http://www.sap.com/Protocols/SAPData"><edmx:DataServices m:DataServiceVersion="2.0"><Schema Namespace="ATT_COCKPIT_210_SRV" xml:lang="en" sap:schema-version="0000" xmlns="http://schemas.microsoft.com/ado/2008/09/edm"><EntityType Name="Object" sap:content-version="1"><Key><PropertyRef Name="Objid"/></Key><Property Name="ObjComps" Type="ObjComps" Nullable="false"/><Property Name="ObjExt" Type="ObjExt" Nullable="false"/><Property Name="ObjItm" Type="ObjItm" Nullable="false"/><Property Name="ObjLot" Type="ObjLot" Nullable="false"/><Property Name="ObjScc" Type="ObjScc" Nullable="false"/><Property Name="Objid" Type="Edm.String" Nullable="false" sap:creatable="false" sap:updatable="false" sap:sortable="false" sap:filterable="false"/></EntityType><EntityType Name="ShlpLotno" sap:content-version="1"><Key><PropertyRef Name="Lotno"/></Key><Property Name="Lotno" Type="Edm.String" Nullable="false" MaxLength="20" sap:label="Lot Number" sap:creatable="false" sap:updatable="false" sap:sortable="false" sap:filterable="false"/><Property Name="Gtin" Type="Edm.String" Nullable="false" MaxLength="14" sap:label="Global Trade Item Number" sap:creatable="false" sap:updatable="false" sap:sortable="false" sap:filterable="false"/></EntityType><EntityType Name="EntityAttribute" sap:content-version="1"><Key><PropertyRef Name="nr"/></Key><Property Name="nr" Type="Edm.String" Nullable="false" MaxLength="32" sap:creatable="false" sap:updatable="false" sap:sortable="false" sap:filterable="false"/><Property Name="description" Type="Edm.String" Nullable="false" MaxLength="50" sap:creatable="false" sap:updatable="false" sap:sortable="false" sap:filterable="false"/><Property Name="field" Type="Edm.String" Nullable="false" MaxLength="30" sap:creatable="false" sap:updatable="false" sap:sortable="false" sap:filterable="false"/><Property Name="value" Type="Edm.String" Nullable="false" sap:creatable="false" sap:updatable="false" sap:sortable="false" sap:filterable="false"/><Property Name="type" Type="Edm.String" Nullable="false" sap:creatable="false" sap:updatable="false" sap:sortable="false" sap:filterable="false"/><Property Name="length" Type="Edm.Int16" Nullable="false" sap:label="Signed INT2 / int16" sap:creatable="false" sap:updatable="false" sap:sortable="false" sap:filterable="false"/></EntityType><EntityType Name="ObjItem" sap:content-version="1"><Key><PropertyRef Name="EpcIdUri"/></Key><Property Name="AuthCount" Type="Edm.Int32" Nullable="false" sap:label="Authentication Requests Count" sap:creatable="false" sap:updatable="false" sap:sortable="false" sap:filterable="false"/><Property Name="CreateUserFullname" Type="Edm.String" Nullable="false" MaxLength="80" sap:label="Created by" sap:creatable="false" sap:updatable="false" sap:sortable="false" sap:filterable="false"/><Property Name="Doctpe" Type="Edm.String" Nullable="false" MaxLength="2" sap:label="Document Type" sap:creatable="false" sap:updatable="false" sap:sortable="false"/><Property Name="ChangeUserFullname" Type="Edm.String" Nullable="false" MaxLength="80" sap:label="Changed by" sap:creatable="false" sap:updatable="false" sap:sortable="false" sap:filterable="false"/><Property Name="LotItemCount" Type="Edm.Int32" Nullable="false" sap:label="Serialized Trade Item Count" sap:creatable="false" sap:updatable="false" sap:sortable="false" sap:filterable="false"/><Property Name="LocType" Type="Edm.String" Nullable="false" MaxLength="2" sap:label="Location Type" sap:creatable="false" sap:updatable="false" sap:sortable="false" sap:filterable="false"/><Property Name="LocTypeName" Type="Edm.String" Nullable="false" MaxLength="60" sap:label="Location Type Name" sap:creatable="false" sap:updatable="false" sap:sortable="false" sap:filterable="false"/><Property Name="CusLog1" Type="Edm.String" Nullable="false" MaxLength="1" sap:label="Generic Indicator" sap:creatable="false" sap:updatable="false" sap:sortable="false" sap:filterable="false"/><Property Name="Docnum" Type="Edm.String" Nullable="false" MaxLength="20" sap:label="Document Number" sap:creatable="false" sap:updatable="false" sap:sortable="false"/><Property Name="Storage" Type="Edm.Byte" Nullable="false" sap:label="Storage Class" sap:creatable="false" sap:updatable="false" sap:sortable="false" sap:filterable="false"/><Property Name="Trnid" Type="Edm.String" Nullable="false" MaxLength="128" sap:label="Transaction Code" sap:creatable="false" sap:updatable="false" sap:sortable="false"/><Property Name="Objid" Type="Edm.String" Nullable="false" MaxLength="32" sap:label="Object ID" sap:creatable="false" sap:updatable="false" sap:sortable="false" sap:filterable="false"/><Property Name="Gtin" Type="Edm.String" Nullable="false" MaxLength="14" sap:label="Global Trade Item Number" sap:creatable="false" sap:updatable="false" sap:sortable="false"/><Property Name="Serno" Type="Edm.String" Nullable="false" MaxLength="40" sap:label="Serial Number" sap:creatable="false" sap:updatable="false" sap:sortable="false"/><Property Name="LotObjid" Type="Edm.String" Nullable="false" MaxLength="32" sap:label="Object ID" sap:creatable="false" sap:updatable="false" sap:sortable="false"/><Property Name="Gln" Type="Edm.String" Nullable="false" MaxLength="13" sap:label="Global Location Number" sap:creatable="false" sap:updatable="false" sap:sortable="false"/><Property Name="GlnExt" Type="Edm.String" Nullable="false" MaxLength="20" sap:label="Global Location Number Extension" sap:creatable="false" sap:updatable="false" sap:sortable="false"/><Property Name="StatusObj" Type="Edm.Byte" Nullable="false" sap:label="Object Status" sap:creatable="false" sap:updatable="false" sap:sortable="false" sap:filterable="false"/><Property Name="StatusPack" Type="Edm.Byte" Nullable="false" sap:label="Pack Status" sap:creatable="false" sap:updatable="false" sap:sortable="false"/><Property Name="StatusStock" Type="Edm.Byte" Nullable="false" sap:label="Logistic Status" sap:creatable="false" sap:updatable="false" sap:sortable="false"/><Property Name="Disposition" Type="Edm.String" Nullable="false" MaxLength="3" sap:label="Disposition" sap:creatable="false" sap:updatable="false" sap:sortable="false"/><Property Name="Lotno" Type="Edm.String" Nullable="false" MaxLength="20" sap:label="Lot Number" sap:creatable="false" sap:updatable="false" sap:sortable="false"/><Property Name="Datex" Type="Edm.DateTime" Precision="0" sap:label="Expiry Date" sap:creatable="false" sap:updatable="false" sap:sortable="false" sap:filterable="false"/><Property Name="Datmf" Type="Edm.DateTime" Precision="0" sap:label="Manufacturing Date" sap:creatable="false" sap:updatable="false" sap:sortable="false" sap:filterable="false"/><Property Name="QtyProd" Type="Edm.Int32" Nullable="false" sap:label="Produced Quantity" sap:creatable="false" sap:updatable="false" sap:sortable="false" sap:filterable="false"/><Property Name="StatusLot" Type="Edm.Byte" Nullable="false" sap:label="Object Status" sap:creatable="false" sap:updatable="false" sap:sortable="false" sap:filterable="false"/><Property Name="Descr" Type="Edm.String" Nullable="false" MaxLength="60" sap:label="Short Description" sap:creatable="false" sap:updatable="false" sap:sortable="false" sap:filterable="false"/><Property Name="Ncode" Type="Edm.String" Nullable="false" MaxLength="40" sap:label="National Code" sap:creatable="false" sap:updatable="false" sap:sortable="false"/><Property Name="Rcode" Type="Edm.String" Nullable="false" MaxLength="40" sap:label="Registration Code" sap:creatable="false" sap:updatable="false" sap:sortable="false"/><Property Name="EpcIdUri" Type="Edm.String" Nullable="false" MaxLength="128" sap:label="EPC ID URI" sap:creatable="false" sap:updatable="false" sap:sortable="false"/><Property Name="Gs1EsB" Type="Edm.String" Nullable="false" MaxLength="128" sap:label="GS1 Element String" sap:creatable="false" sap:updatable="false" sap:sortable="false" sap:filterable="false"/><Property Name="EpcIdUriLoc" Type="Edm.String" Nullable="false" MaxLength="128" sap:label="Location EPC ID URI" sap:creatable="false" sap:updatable="false" sap:sortable="false" sap:filterable="false"/><Property Name="CreationTime" Type="Edm.DateTime" Precision="0" sap:label="Created on" sap:creatable="false" sap:updatable="false" sap:sortable="false" sap:filterable="false"/><Property Name="CreationUser" Type="Edm.String" Nullable="false" MaxLength="12" sap:label="Created by" sap:creatable="false" sap:updatable="false" sap:sortable="false" sap:filterable="false"/><Property Name="ModifiedTime" Type="Edm.DateTime" Precision="0" sap:label="Changed on" sap:creatable="false" sap:updatable="false" sap:sortable="false" sap:filterable="false"/><Property Name="ModifiedUser" Type="Edm.String" Nullable="false" MaxLength="12" sap:label="Changed by" sap:creatable="false" sap:updatable="false" sap:sortable="false" sap:filterable="false"/><Property Name="Owner" Type="Edm.String" Nullable="false" MaxLength="20" sap:label="Owner" sap:creatable="false" sap:updatable="false" sap:sortable="false" sap:filterable="false"/><Property Name="Product" Type="Edm.String" Nullable="false" MaxLength="20" sap:label="Product" sap:creatable="false" sap:updatable="false" sap:sortable="false" sap:filterable="false"/><Property Name="Serial" Type="Edm.String" Nullable="false" MaxLength="40" sap:label="Serial Number" sap:creatable="false" sap:updatable="false" sap:sortable="false" sap:filterable="false"/><Property Name="Locno" Type="Edm.String" Nullable="false" MaxLength="20" sap:label="Location Number" sap:creatable="false" sap:updatable="false" sap:sortable="false" sap:filterable="false"/><Property Name="Matnr" Type="Edm.String" Nullable="false" MaxLength="18" sap:label="ERP Material Number (C18)" sap:creatable="false" sap:updatable="false" sap:sortable="false" sap:filterable="false"/><Property Name="LocDescr" Type="Edm.String" Nullable="false" MaxLength="60" sap:label="Location Description" sap:creatable="false" sap:updatable="false" sap:sortable="false" sap:filterable="false"/><NavigationProperty Name="RepEvt" Relationship="ObjItmRepEvt" FromRole="FromRole_ObjItmRepEvt" ToRole="ToRole_ObjItmRepEvt"/><NavigationProperty Name="AggrHierarchy" Relationship="ObjItmAggrHierarchy" FromRole="FromRole_ObjItmAggrHierarchy" ToRole="ToRole_ObjItmAggrHierarchy"/><NavigationProperty Name="Lot" Relationship="ObjItmLot" FromRole="FromRole_ObjItmLot" ToRole="ToRole_ObjItmLot"/><NavigationProperty Name="Trn" Relationship="ObjItmTrn" FromRole="FromRole_ObjItmTrn" ToRole="ToRole_ObjItmTrn"/><NavigationProperty Name="Evt" Relationship="ObjItmEvt" FromRole="FromRole_ObjItmEvt" ToRole="ToRole_ObjItmEvt"/><NavigationProperty Name="Attrib" Relationship="ObjItmAttrib" FromRole="FromRole_ObjItmAttrib" ToRole="ToRole_ObjItmAttrib"/></EntityType><EntityType Name="FixedValueType" sap:content-version="1"><Key><PropertyRef Name="type"/></Key><Property Name="type" Type="Edm.String" Nullable="false" sap:creatable="false" sap:updatable="false" sap:sortable="false" sap:filterable="false"/><NavigationProperty Name="FixedTypeValues" Relationship="FixedTypeValues" FromRole="FromRole_FixedTypeValues" ToRole="ToRole_FixedTypeValues"/></EntityType><EntityType Name="FixedValues" sap:content-version="1"><Key><PropertyRef Name="Valpos"/></Key><Property Name="Valpos" Type="Edm.Int16" Nullable="false" sap:label="Signed INT2 / int16" sap:creatable="false" sap:updatable="false" sap:sortable="false" sap:filterable="false"/><Property Name="Domvalue_l" Type="Edm.String" Nullable="false" MaxLength="10" sap:creatable="false" sap:updatable="false" sap:sortable="false" sap:filterable="false"/><Property Name="Ddtext" Type="Edm.String" Nullable="false" MaxLength="100" sap:creatable="false" sap:updatable="false" sap:sortable="false" sap:filterable="false"/></EntityType><EntityType Name="Event" sap:content-version="1"><Key><PropertyRef Name="Evtid"/></Key><Property Name="CreationTime" Type="Edm.DateTime" Nullable="false" Precision="7" sap:label="Created on" sap:creatable="false" sap:updatable="false" sap:sortable="false" sap:filterable="false"/><Property Name="Objcode" Type="Edm.String" Nullable="false" MaxLength="128" sap:label="Object EPC" sap:creatable="false" sap:updatable="false" sap:sortable="false" sap:filterable="false"/><Property Name="Evtid" Type="Edm.String" Nullable="false" MaxLength="32" sap:label="Event ID" sap:creatable="false" sap:updatable="false" sap:sortable="false" sap:filterable="false"/><Property Name="Evttype" Type="Edm.Byte" Nullable="false" sap:label="Event Type" sap:creatable="false" sap:updatable="false" sap:sortable="false" sap:filterable="false"/><Property Name="Evtaction" Type="Edm.String" Nullable="false" MaxLength="10" sap:label="Event Action" sap:creatable="false" sap:updatable="false" sap:sortable="false" sap:filterable="false"/><Property Name="Evttime" Type="Edm.DateTime" Precision="7" sap:label="Event Time" sap:creatable="false" sap:updatable="false" sap:filterable="false"/><Property Name="Evttzoneoffset" Type="Edm.String" Nullable="false" MaxLength="6" sap:label="Time Zone Offset" sap:creatable="false" sap:updatable="false" sap:sortable="false" sap:filterable="false"/><Property Name="Storage" Type="Edm.Byte" Nullable="false" sap:label="Storage Class" sap:creatable="false" sap:updatable="false" sap:sortable="false"/><Property Name="StatusEvt" Type="Edm.Byte" Nullable="false" sap:label="Event Status" sap:creatable="false" sap:updatable="false" sap:sortable="false"/><Property Name="MsguidIn" Type="Edm.String" Nullable="false" MaxLength="32" sap:label="Message ID" sap:creatable="false" sap:updatable="false" sap:sortable="false" sap:filterable="false"/><Property Name="Bizstep" Type="Edm.String" Nullable="false" MaxLength="3" sap:label="Business Step" sap:creatable="false" sap:updatable="false" sap:sortable="false"/><Property Name="Disposition" Type="Edm.String" Nullable="false" MaxLength="3" sap:label="Disposition" sap:creatable="false" sap:updatable="false" sap:sortable="false"/><Property Name="TrgCountry" Type="Edm.String" Nullable="false" MaxLength="3" sap:label="Target Country" sap:creatable="false" sap:updatable="false" sap:sortable="false" sap:filterable="false"/><Property Name="CreationUser" Type="Edm.String" Nullable="false" MaxLength="12" sap:label="Created by" sap:creatable="false" sap:updatable="false" sap:sortable="false" sap:filterable="false"/><Property Name="BizlocGln" Type="Edm.String" Nullable="false" MaxLength="13" sap:label="Global Location Number" sap:creatable="false" sap:updatable="false" sap:sortable="false" sap:filterable="false"/><Property Name="BizlocGlnExt" Type="Edm.String" Nullable="false" MaxLength="20" sap:label="Global Location Number Extension" sap:creatable="false" sap:updatable="false" sap:sortable="false" sap:filterable="false"/><Property Name="BizlocEpcIdUri" Type="Edm.String" Nullable="false" MaxLength="128" sap:label="EPC ID URI" sap:creatable="false" sap:updatable="false" sap:sortable="false" sap:filterable="false"/><Property Name="BizlocLocno" Type="Edm.String" Nullable="false" MaxLength="20" sap:label="Location Number" sap:creatable="false" sap:updatable="false" sap:sortable="false" sap:filterable="false"/><Property Name="BizlocLocDescr" Type="Edm.String" Nullable="false" MaxLength="60" sap:label="Location Description" sap:creatable="false" sap:updatable="false" sap:sortable="false" sap:filterable="false"/><Property Name="ReadpntGln" Type="Edm.String" Nullable="false" MaxLength="13" sap:label="Global Location Number" sap:creatable="false" sap:updatable="false" sap:sortable="false" sap:filterable="false"/><Property Name="ReadpntGlnExt" Type="Edm.String" Nullable="false" MaxLength="20" sap:label="Global Location Number Extension" sap:creatable="false" sap:updatable="false" sap:sortable="false" sap:filterable="false"/><Property Name="ReadpntEpcIdUri" Type="Edm.String" Nullable="false" MaxLength="128" sap:label="EPC ID URI" sap:creatable="false" sap:updatable="false" sap:sortable="false" sap:filterable="false"/><Property Name="ReadpntLocno" Type="Edm.String" Nullable="false" MaxLength="20" sap:label="Location Number" sap:creatable="false" sap:updatable="false" sap:sortable="false" sap:filterable="false"/><Property Name="ReadpntLocDescr" Type="Edm.String" Nullable="false" MaxLength="60" sap:label="Location Description" sap:creatable="false" sap:updatable="false" sap:sortable="false" sap:filterable="false"/></EntityType><EntityType Name="Transaction" sap:content-version="1"><Key><PropertyRef Name="Trncode"/><PropertyRef Name="Bizttype"/></Key><Property Name="Docyr" Type="Edm.String" Nullable="false" MaxLength="4" sap:label="Document Year" sap:creatable="false" sap:updatable="false" sap:sortable="false"/><Property Name="Mandt" Type="Edm.String" Nullable="false" MaxLength="3" sap:label="Client" sap:creatable="false" sap:updatable="false" sap:sortable="false" sap:filterable="false"/><Property Name="Trnid" Type="Edm.String" Nullable="false" MaxLength="32" sap:label="Transaction ID" sap:creatable="false" sap:updatable="false" sap:sortable="false" sap:filterable="false"/><Property Name="Storage" Type="Edm.Byte" Nullable="false" sap:label="Storage Class" sap:creatable="false" sap:updatable="false" sap:sortable="false" sap:filterable="false"/><Property Name="Trncode" Type="Edm.String" Nullable="false" MaxLength="128" sap:label="Transaction Code" sap:creatable="false" sap:updatable="false" sap:sortable="false"/><Property Name="Bizttype" Type="Edm.String" Nullable="false" MaxLength="2" sap:label="Business Transaction Type" sap:creatable="false" sap:updatable="false" sap:sortable="false"/><Property Name="StatusTrn" Type="Edm.Byte" Nullable="false" sap:label="Document Status" sap:creatable="false" sap:updatable="false" sap:sortable="false"/><Property Name="Gln" Type="Edm.String" Nullable="false" MaxLength="13" sap:label="Global Location Number" sap:creatable="false" sap:updatable="false" sap:sortable="false" sap:filterable="false"/><Property Name="ObjectCount" Type="Edm.Int32" Nullable="false" sap:label="Object Count" sap:creatable="false" sap:updatable="false" sap:sortable="false" sap:filterable="false"/><Property Name="Doctpe" Type="Edm.String" Nullable="false" MaxLength="2" sap:label="Document Type" sap:creatable="false" sap:updatable="false" sap:sortable="false" sap:filterable="false"/><Property Name="Docnum" Type="Edm.String" Nullable="false" MaxLength="20" sap:label="Document Number" sap:creatable="false" sap:updatable="false" sap:sortable="false" sap:filterable="false"/><Property Name="Logsys" Type="Edm.String" Nullable="false" MaxLength="10" sap:label="Logical system" sap:creatable="false" sap:updatable="false" sap:sortable="false" sap:filterable="false"/><Property Name="StatusHdr" Type="Edm.String" Nullable="false" MaxLength="1" sap:label="Transaction Status" sap:creatable="false" sap:updatable="false" sap:sortable="false" sap:filterable="false"/><Property Name="ShipFrLoc" Type="Edm.String" Nullable="false" MaxLength="13" sap:label="Ship from GLN" sap:creatable="false" sap:updatable="false" sap:sortable="false"/><Property Name="ShipToLoc" Type="Edm.String" Nullable="false" MaxLength="13" sap:label="Ship to GLN" sap:creatable="false" sap:updatable="false" sap:sortable="false"/><Property Name="SoldFrLoc" Type="Edm.String" Nullable="false" MaxLength="13" sap:label="Sold from GLN" sap:creatable="false" sap:updatable="false" sap:sortable="false"/><Property Name="SoldToLoc" Type="Edm.String" Nullable="false" MaxLength="13" sap:label="Sold to GLN" sap:creatable="false" sap:updatable="false" sap:sortable="false"/><Property Name="CreationTime" Type="Edm.DateTime" Nullable="false" Precision="0" sap:label="Created on" sap:creatable="false" sap:updatable="false" sap:sortable="false" sap:filterable="false"/><Property Name="CreationUser" Type="Edm.String" Nullable="false" MaxLength="12" sap:label="Created by" sap:creatable="false" sap:updatable="false" sap:sortable="false" sap:filterable="false"/><Property Name="ModifiedTime" Type="Edm.DateTime" Nullable="false" Precision="0" sap:label="Changed on" sap:creatable="false" sap:updatable="false" sap:sortable="false" sap:filterable="false"/><Property Name="ModifiedUser" Type="Edm.String" Nullable="false" MaxLength="12" sap:label="Changed by" sap:creatable="false" sap:updatable="false" sap:sortable="false"/><Property Name="ShipFrLocDescr" Type="Edm.String" Nullable="false" MaxLength="150" sap:label="Ship from GLN" sap:creatable="false" sap:updatable="false" sap:sortable="false" sap:filterable="false"/><Property Name="ShipToLocDescr" Type="Edm.String" Nullable="false" MaxLength="150" sap:label="Ship to GLN" sap:creatable="false" sap:updatable="false" sap:sortable="false" sap:filterable="false"/><Property Name="SoldFrLocDescr" Type="Edm.String" Nullable="false" MaxLength="150" sap:label="Sold from GLN" sap:creatable="false" sap:updatable="false" sap:sortable="false" sap:filterable="false"/><Property Name="SoldToLocDescr" Type="Edm.String" Nullable="false" MaxLength="150" sap:label="Sold to GLN" sap:creatable="false" sap:updatable="false" sap:sortable="false" sap:filterable="false"/><Property Name="ShipFrLocLocno" Type="Edm.String" Nullable="false" MaxLength="20" sap:label="Ship from Location Number" sap:creatable="false" sap:updatable="false" sap:sortable="false" sap:filterable="false"/><Property Name="ShipToLocLocno" Type="Edm.String" Nullable="false" MaxLength="20" sap:label="Ship to Location Number" sap:creatable="false" sap:updatable="false" sap:sortable="false" sap:filterable="false"/><Property Name="SoldFrLocLocno" Type="Edm.String" Nullable="false" MaxLength="20" sap:label="Sold from Location Number" sap:creatable="false" sap:updatable="false" sap:sortable="false" sap:filterable="false"/><Property Name="SoldToLocLocno" Type="Edm.String" Nullable="false" MaxLength="20" sap:label="Sold to Location Number" sap:creatable="false" sap:updatable="false" sap:sortable="false" sap:filterable="false"/><NavigationProperty Name="Evt" Relationship="TrnEvt" FromRole="FromRole_TrnEvt" ToRole="ToRole_TrnEvt"/><NavigationProperty Name="TrnObjItm" Relationship="TrnObjItm" FromRole="FromRole_TrnObjItm" ToRole="ToRole_TrnObjItm"/><NavigationProperty Name="Attrib" Relationship="TrnAttrib" FromRole="FromRole_TrnAttrib" ToRole="ToRole_TrnAttrib"/><NavigationProperty Name="TrnTrnItm" Relationship="TrnTrnItm" FromRole="FromRole_TrnTrnItm" ToRole="ToRole_TrnTrnItm"/></EntityType><EntityType Name="ShlpGtin" sap:content-version="1"><Key><PropertyRef Name="Gtin"/></Key><Property Name="Gtin" Type="Edm.String" Nullable="false" MaxLength="14" sap:label="Global Trade Item Number" sap:creatable="false" sap:updatable="false" sap:filterable="false"/><Property Name="Text" Type="Edm.String" Nullable="false" MaxLength="32" sap:label="Text" sap:creatable="false" sap:updatable="false" sap:sortable="false" sap:filterable="false"/></EntityType><EntityType Name="ShlpNCode" sap:content-version="1"><Key><PropertyRef Name="NCode"/><PropertyRef Name="Gtin"/></Key><Property Name="NCode" Type="Edm.String" Nullable="false" MaxLength="40" sap:label="National Code" sap:creatable="false" sap:updatable="false" sap:sortable="false" sap:filterable="false"/><Property Name="Text" Type="Edm.String" Nullable="false" MaxLength="32" sap:label="Text" sap:creatable="false" sap:updatable="false" sap:sortable="false" sap:filterable="false"/><Property Name="Gtin" Type="Edm.String" Nullable="false" MaxLength="14" sap:label="Global Trade Item Number" sap:creatable="false" sap:updatable="false" sap:sortable="false" sap:filterable="false"/></EntityType><EntityType Name="ShlpDisposition" sap:content-version="1"><Key><PropertyRef Name="Dispno"/><PropertyRef Name="Dispcode"/></Key><Property Name="Dispno" Type="Edm.String" Nullable="false" MaxLength="3" sap:label="Disposition Number" sap:creatable="false" sap:updatable="false" sap:sortable="false" sap:filterable="false"/><Property Name="Dispcode" Type="Edm.String" Nullable="false" MaxLength="40" sap:label="Disposition Code" sap:creatable="false" sap:updatable="false" sap:sortable="false" sap:filterable="false"/></EntityType><EntityType Name="Lot" sap:content-version="1"><Key><PropertyRef Name="EpcClassUri"/></Key><Property Name="NcodeType" Type="Edm.String" Nullable="false" MaxLength="10" sap:label="National Code Type" sap:creatable="false" sap:updatable="false" sap:sortable="false" sap:filterable="false"/><Property Name="Matnr" Type="Edm.String" Nullable="false" MaxLength="18" sap:label="ERP Material Number (C18)" sap:creatable="false" sap:updatable="false" sap:sortable="false" sap:filterable="false"/><Property Name="AuthCount" Type="Edm.Int32" Nullable="false" sap:label="Authentication Requests Count" sap:creatable="false" sap:updatable="false" sap:sortable="false" sap:filterable="false"/><Property Name="ItemCount" Type="Edm.Int32" Nullable="false" sap:label="Serialized Trade Item Count" sap:creatable="false" sap:updatable="false" sap:sortable="false" sap:filterable="false"/><Property Name="Objid" Type="Edm.String" Nullable="false" MaxLength="32" sap:label="Object ID" sap:creatable="false" sap:updatable="false" sap:sortable="false" sap:filterable="false"/><Property Name="Gtin" Type="Edm.String" Nullable="false" MaxLength="14" sap:label="Global Trade Item Number" sap:creatable="false" sap:updatable="false" sap:sortable="false"/><Property Name="Lotno" Type="Edm.String" Nullable="false" MaxLength="20" sap:label="Lot Number" sap:creatable="false" sap:updatable="false" sap:sortable="false"/><Property Name="Datex" Type="Edm.DateTime" Precision="0" sap:label="Expiry Date" sap:creatable="false" sap:updatable="false" sap:sortable="false"/><Property Name="Datmf" Type="Edm.DateTime" Precision="0" sap:label="Manufacturing Date" sap:creatable="false" sap:updatable="false" sap:sortable="false"/><Property Name="QtyProd" Type="Edm.Int32" Nullable="false" sap:label="Produced Quantity" sap:creatable="false" sap:updatable="false" sap:sortable="false" sap:filterable="false"/><Property Name="CusLog1" Type="Edm.String" Nullable="false" MaxLength="1" sap:label="Generic Indicator" sap:creatable="false" sap:updatable="false" sap:sortable="false" sap:filterable="false"/><Property Name="Gln" Type="Edm.String" Nullable="false" MaxLength="13" sap:label="Global Location Number" sap:creatable="false" sap:updatable="false" sap:sortable="false"/><Property Name="GlnExt" Type="Edm.String" Nullable="false" MaxLength="20" sap:label="Global Location Number Extension" sap:creatable="false" sap:updatable="false" sap:sortable="false"/><Property Name="StatusObj" Type="Edm.Byte" Nullable="false" sap:label="Object Status" sap:creatable="false" sap:updatable="false" sap:sortable="false"/><Property Name="Disposition" Type="Edm.String" Nullable="false" MaxLength="3" sap:label="Disposition" sap:creatable="false" sap:updatable="false" sap:sortable="false"/><Property Name="Descr" Type="Edm.String" Nullable="false" MaxLength="60" sap:label="Short Description" sap:creatable="false" sap:updatable="false" sap:sortable="false" sap:filterable="false"/><Property Name="Ncode" Type="Edm.String" Nullable="false" MaxLength="40" sap:label="National Code" sap:creatable="false" sap:updatable="false" sap:sortable="false"/><Property Name="Rcode" Type="Edm.String" Nullable="false" MaxLength="40" sap:label="Registration Code" sap:creatable="false" sap:updatable="false" sap:sortable="false"/><Property Name="EpcClassUri" Type="Edm.String" Nullable="false" MaxLength="128" sap:label="EPC Class URI" sap:creatable="false" sap:updatable="false" sap:sortable="false"/><Property Name="Gs1EsB" Type="Edm.String" Nullable="false" MaxLength="128" sap:label="GS1 Element String" sap:creatable="false" sap:updatable="false" sap:sortable="false"/><Property Name="CreationTime" Type="Edm.DateTime" Precision="0" sap:label="Created on" sap:creatable="false" sap:updatable="false" sap:sortable="false" sap:filterable="false"/><Property Name="CreationUser" Type="Edm.String" Nullable="false" MaxLength="12" sap:label="Created by" sap:creatable="false" sap:updatable="false" sap:sortable="false" sap:filterable="false"/><Property Name="ModifiedTime" Type="Edm.DateTime" Precision="0" sap:label="Changed on" sap:creatable="false" sap:updatable="false" sap:sortable="false" sap:filterable="false"/><Property Name="ModifiedUser" Type="Edm.String" Nullable="false" MaxLength="12" sap:label="Changed by" sap:creatable="false" sap:updatable="false" sap:sortable="false"/><Property Name="Owner" Type="Edm.String" Nullable="false" MaxLength="20" sap:label="Owner" sap:creatable="false" sap:updatable="false" sap:sortable="false" sap:filterable="false"/><Property Name="Product" Type="Edm.String" Nullable="false" MaxLength="20" sap:label="Product" sap:creatable="false" sap:updatable="false" sap:sortable="false" sap:filterable="false"/><Property Name="Serial" Type="Edm.String" Nullable="false" MaxLength="40" sap:label="Serial Number" sap:creatable="false" sap:updatable="false" sap:sortable="false" sap:filterable="false"/><Property Name="Storage" Type="Edm.Byte" Nullable="false" sap:label="Storage Class" sap:creatable="false" sap:updatable="false" sap:sortable="false" sap:filterable="false"/><Property Name="Trncode" Type="Edm.String" Nullable="false" MaxLength="128" sap:label="Transaction Code" sap:creatable="false" sap:updatable="false" sap:sortable="false"/><Property Name="Bizttype" Type="Edm.String" Nullable="false" MaxLength="2" sap:label="Business Transaction Type" sap:creatable="false" sap:updatable="false" sap:sortable="false"/><Property Name="QuantityUom" Type="Edm.String" Nullable="false" MaxLength="3" sap:label="Unit of Measure" sap:creatable="false" sap:updatable="false" sap:sortable="false" sap:filterable="false"/><NavigationProperty Name="Attrib" Relationship="LotAttrib" FromRole="FromRole_LotAttrib" ToRole="ToRole_LotAttrib"/><NavigationProperty Name="LotObjItm" Relationship="LotObjItm" FromRole="FromRole_LotObjItm" ToRole="ToRole_LotObjItm"/><NavigationProperty Name="Evt" Relationship="LotEvt" FromRole="FromRole_LotEvt" ToRole="ToRole_LotEvt"/><NavigationProperty Name="Trn" Relationship="LotTrn" FromRole="FromRole_LotTrn" ToRole="ToRole_LotTrn"/><NavigationProperty Name="RepEvt" Relationship="LotRepEvt" FromRole="FromRole_LotRepEvt" ToRole="ToRole_LotRepEvt"/></EntityType><EntityType Name="ObjType" sap:content-version="1"><Key><PropertyRef Name="ObjectCode"/></Key><Property Name="ObjectCode" Type="Edm.String" Nullable="false" sap:label="Object Code" sap:creatable="false" sap:updatable="false" sap:sortable="false" sap:filterable="false"/><Property Name="ObjectType" Type="Edm.String" Nullable="false" MaxLength="1" sap:label="Object Type" sap:creatable="false" sap:updatable="false" sap:sortable="false" sap:filterable="false"/></EntityType><EntityType Name="ShlpRCode" sap:content-version="1"><Key><PropertyRef Name="RCode"/><PropertyRef Name="Gtin"/></Key><Property Name="RCode" Type="Edm.String" Nullable="false" MaxLength="40" sap:label="Registration Code" sap:creatable="false" sap:updatable="false" sap:sortable="false" sap:filterable="false"/><Property Name="Text" Type="Edm.String" Nullable="false" MaxLength="32" sap:label="Text" sap:creatable="false" sap:updatable="false" sap:sortable="false" sap:filterable="false"/><Property Name="Gtin" Type="Edm.String" Nullable="false" MaxLength="14" sap:label="Global Trade Item Number" sap:creatable="false" sap:updatable="false" sap:sortable="false" sap:filterable="false"/></EntityType><EntityType Name="UserInfo" sap:content-version="1"><Key><PropertyRef Name="BName"/></Key><Property Name="Mandt" Type="Edm.String" Nullable="false" MaxLength="3" sap:creatable="false" sap:updatable="false" sap:sortable="false" sap:filterable="false"/><Property Name="FullName" Type="Edm.String" Nullable="false" MaxLength="100" sap:creatable="false" sap:updatable="false" sap:sortable="false" sap:filterable="false"/><Property Name="BName" Type="Edm.String" Nullable="false" MaxLength="12" sap:creatable="false" sap:updatable="false" sap:sortable="false" sap:filterable="false"/><Property Name="TimezoneLo" Type="Edm.String" Nullable="false" MaxLength="3" sap:creatable="false" sap:updatable="false" sap:sortable="false" sap:filterable="false"/><Property Name="UTCDiff" Type="Edm.String" Nullable="false" MaxLength="6" sap:creatable="false" sap:updatable="false" sap:sortable="false" sap:filterable="false"/><Property Name="UTCSign" Type="Edm.String" Nullable="false" MaxLength="1" sap:creatable="false" sap:updatable="false" sap:sortable="false" sap:filterable="false"/></EntityType><EntityType Name="ShlpGtinMat" sap:content-version="1"><Key><PropertyRef Name="UoM"/><PropertyRef Name="LogQS"/><PropertyRef Name="MatnrExt"/><PropertyRef Name="Matnr"/><PropertyRef Name="Gtin"/></Key><Property Name="Text" Type="Edm.String" Nullable="false" MaxLength="32" sap:label="Text" sap:creatable="false" sap:updatable="false" sap:sortable="false" sap:filterable="false"/><Property Name="UoM" Type="Edm.String" Nullable="false" MaxLength="3" sap:label="Unit of Measure" sap:creatable="false" sap:updatable="false" sap:sortable="false" sap:filterable="false"/><Property Name="LogQS" Type="Edm.String" Nullable="false" MaxLength="8" sap:label="Logical System Group" sap:creatable="false" sap:updatable="false" sap:sortable="false" sap:filterable="false"/><Property Name="MatnrExt" Type="Edm.String" Nullable="false" MaxLength="40" sap:label="Material Number (External)" sap:creatable="false" sap:updatable="false" sap:sortable="false" sap:filterable="false"/><Property Name="Matnr" Type="Edm.String" Nullable="false" MaxLength="40" sap:label="Material Number" sap:creatable="false" sap:updatable="false" sap:sortable="false" sap:filterable="false"/><Property Name="Gtin" Type="Edm.String" Nullable="false" MaxLength="14" sap:label="Global Trade Item Number" sap:creatable="false" sap:updatable="false" sap:filterable="false"/></EntityType><EntityType Name="Text" sap:content-version="1"><Key><PropertyRef Name="Id"/></Key><Property Name="Id" Type="Edm.String" Nullable="false" sap:creatable="false" sap:updatable="false" sap:sortable="false" sap:filterable="false"/><Property Name="TextValue" Type="Edm.String" Nullable="false" sap:creatable="false" sap:updatable="false" sap:sortable="false" sap:filterable="false"/></EntityType><EntityType Name="Container" sap:content-version="1"><Key><PropertyRef Name="EpcIdUri"/></Key><Property Name="Mandt" Type="Edm.String" Nullable="false" MaxLength="3" sap:label="Client" sap:creatable="false" sap:updatable="false" sap:sortable="false" sap:filterable="false"/><Property Name="Objid" Type="Edm.String" Nullable="false" MaxLength="32" sap:label="Object ID" sap:creatable="false" sap:updatable="false" sap:sortable="false" sap:filterable="false"/><Property Name="Weight" Type="Edm.Decimal" Nullable="false" Precision="13" Scale="3" sap:label="Gross weight" sap:creatable="false" sap:updatable="false" sap:sortable="false" sap:filterable="false"/><Property Name="WeightUom" Type="Edm.String" Nullable="false" MaxLength="3" sap:label="Unit of Measure" sap:creatable="false" sap:updatable="false" sap:sortable="false" sap:filterable="false"/><Property Name="Volume" Type="Edm.Decimal" Nullable="false" Precision="13" Scale="3" sap:label="Volume" sap:creatable="false" sap:updatable="false" sap:sortable="false" sap:filterable="false"/><Property Name="VolumeUom" Type="Edm.String" Nullable="false" MaxLength="3" sap:label="Unit of Measure" sap:creatable="false" sap:updatable="false" sap:sortable="false" sap:filterable="false"/><Property Name="LotObjid" Type="Edm.String" Nullable="false" MaxLength="32" sap:label="Object ID" sap:creatable="false" sap:updatable="false" sap:sortable="false" sap:filterable="false"/><Property Name="CusLog1" Type="Edm.String" Nullable="false" MaxLength="1" sap:label="Generic Indicator" sap:creatable="false" sap:updatable="false" sap:sortable="false" sap:filterable="false"/><Property Name="StatusObj" Type="Edm.Byte" Nullable="false" sap:label="Object Status" sap:creatable="false" sap:updatable="false" sap:sortable="false"/><Property Name="StatusPack" Type="Edm.Byte" Nullable="false" sap:label="Pack Status" sap:creatable="false" sap:updatable="false" sap:sortable="false"/><Property Name="StatusStock" Type="Edm.Byte" Nullable="false" sap:label="Logistic Status" sap:creatable="false" sap:updatable="false" sap:sortable="false"/><Property Name="Disposition" Type="Edm.String" Nullable="false" MaxLength="3" sap:label="Disposition" sap:creatable="false" sap:updatable="false" sap:sortable="false"/><Property Name="Gln" Type="Edm.String" Nullable="false" MaxLength="13" sap:label="Global Location Number" sap:creatable="false" sap:updatable="false" sap:sortable="false"/><Property Name="GlnExt" Type="Edm.String" Nullable="false" MaxLength="20" sap:label="Global Location Number Extension" sap:creatable="false" sap:updatable="false" sap:sortable="false" sap:filterable="false"/><Property Name="Gs1EsB" Type="Edm.String" Nullable="false" MaxLength="128" sap:label="GS1 Element String" sap:creatable="false" sap:updatable="false" sap:sortable="false" sap:filterable="false"/><Property Name="EpcIdUri" Type="Edm.String" Nullable="false" MaxLength="128" sap:label="EPC ID URI" sap:creatable="false" sap:updatable="false" sap:sortable="false"/><Property Name="Locno" Type="Edm.String" Nullable="false" MaxLength="20" sap:label="Location Number" sap:creatable="false" sap:updatable="false" sap:sortable="false" sap:filterable="false"/><Property Name="LocDescr" Type="Edm.String" Nullable="false" MaxLength="60" sap:label="Short Description" sap:creatable="false" sap:updatable="false" sap:sortable="false" sap:filterable="false"/><Property Name="LocType" Type="Edm.String" Nullable="false" MaxLength="2" sap:label="Location Type" sap:creatable="false" sap:updatable="false" sap:sortable="false" sap:filterable="false"/><Property Name="EpcIdUriLoc" Type="Edm.String" Nullable="false" MaxLength="128" sap:label="EPC ID URI" sap:creatable="false" sap:updatable="false" sap:sortable="false" sap:filterable="false"/><Property Name="CreationTime" Type="Edm.DateTime" Nullable="false" Precision="0" sap:label="Created on" sap:creatable="false" sap:updatable="false" sap:sortable="false" sap:filterable="false"/><Property Name="CreationUser" Type="Edm.String" Nullable="false" MaxLength="12" sap:label="Created by" sap:creatable="false" sap:updatable="false" sap:sortable="false" sap:filterable="false"/><Property Name="ModifiedTime" Type="Edm.DateTime" Nullable="false" Precision="0" sap:label="Changed on" sap:creatable="false" sap:updatable="false" sap:sortable="false" sap:filterable="false"/><Property Name="ModifiedUser" Type="Edm.String" Nullable="false" MaxLength="12" sap:label="Changed by" sap:creatable="false" sap:updatable="false" sap:sortable="false"/><Property Name="Serno" Type="Edm.String" Nullable="false" MaxLength="40" sap:label="Serial Number" sap:creatable="false" sap:updatable="false" sap:sortable="false" sap:filterable="false"/><Property Name="Owner" Type="Edm.String" Nullable="false" MaxLength="20" sap:label="Owner" sap:creatable="false" sap:updatable="false" sap:sortable="false" sap:filterable="false"/><Property Name="Product" Type="Edm.String" Nullable="false" MaxLength="20" sap:label="Product" sap:creatable="false" sap:updatable="false" sap:sortable="false" sap:filterable="false"/><Property Name="Serial" Type="Edm.String" Nullable="false" MaxLength="40" sap:label="Serial Number" sap:creatable="false" sap:updatable="false" sap:sortable="false" sap:filterable="false"/><Property Name="Storage" Type="Edm.Byte" Nullable="false" sap:label="Storage Class" sap:creatable="false" sap:updatable="false" sap:sortable="false" sap:filterable="false"/><Property Name="Docnum" Type="Edm.String" Nullable="false" MaxLength="20" sap:label="Document Number" sap:creatable="false" sap:updatable="false" sap:sortable="false"/><Property Name="Doctpe" Type="Edm.String" Nullable="false" MaxLength="2" sap:label="Document Type" sap:creatable="false" sap:updatable="false" sap:sortable="false"/><Property Name="Bizttype" Type="Edm.String" Nullable="false" MaxLength="2" sap:label="Business Transaction Type" sap:creatable="false" sap:updatable="false" sap:sortable="false"/><Property Name="Trncode" Type="Edm.String" Nullable="false" MaxLength="128" sap:label="Business Transaction Code" sap:creatable="false" sap:updatable="false" sap:sortable="false"/><NavigationProperty Name="Attrib" Relationship="ContAttrib" FromRole="FromRole_ContAttrib" ToRole="ToRole_ContAttrib"/><NavigationProperty Name="Evt" Relationship="ContEvt" FromRole="FromRole_ContEvt" ToRole="ToRole_ContEvt"/><NavigationProperty Name="Trn" Relationship="ContTrn" FromRole="FromRole_ContTrn" ToRole="ToRole_ContTrn"/><NavigationProperty Name="RepEvt" Relationship="ContRepEvt" FromRole="FromRole_ContRepEvt" ToRole="ToRole_ContRepEvt"/><NavigationProperty Name="AggrHierarchy" Relationship="ContAggrHierarchy" FromRole="FromRole_ContAggrHierarchy" ToRole="ToRole_ContAggrHierarchy"/></EntityType><EntityType Name="AuthRequest" sap:content-version="1"><Key><PropertyRef Name="Authid"/></Key><Property Name="ItmObjid" Type="Edm.String" Nullable="false" MaxLength="32" sap:creatable="false" sap:updatable="false" sap:sortable="false"/><Property Name="LotObjid" Type="Edm.String" Nullable="false" MaxLength="32" sap:creatable="false" sap:updatable="false" sap:sortable="false"/><Property Name="AuthObjCode" Type="Edm.String" Nullable="false" MaxLength="128" sap:label="Object Code (EPC)" sap:creatable="false" sap:updatable="false" sap:sortable="false"/><Property Name="Mandt" Type="Edm.String" Nullable="false" MaxLength="3" sap:label="Client" sap:creatable="false" sap:updatable="false" sap:sortable="false" sap:filterable="false"/><Property Name="Authid" Type="Edm.String" Nullable="false" MaxLength="32" sap:label="Authentication Request" sap:creatable="false" sap:updatable="false" sap:sortable="false" sap:filterable="false"/><Property Name="AuthTime" Type="Edm.DateTime" Nullable="false" Precision="0" sap:label="Authentication Time" sap:creatable="false" sap:updatable="false" sap:sortable="false"/><Property Name="AuthUser" Type="Edm.String" Nullable="false" MaxLength="12" sap:label="User Name" sap:creatable="false" sap:updatable="false" sap:sortable="false"/><Property Name="AuthSystem" Type="Edm.String" Nullable="false" MaxLength="32" sap:label="System ID" sap:creatable="false" sap:updatable="false" sap:sortable="false" sap:filterable="false"/><Property Name="Longitude" Type="Edm.Decimal" Nullable="false" Precision="15" Scale="12" sap:label="Longitude" sap:creatable="false" sap:updatable="false" sap:sortable="false" sap:filterable="false"/><Property Name="Latitude" Type="Edm.Decimal" Nullable="false" Precision="15" Scale="12" sap:label="Latitude" sap:creatable="false" sap:updatable="false" sap:sortable="false" sap:filterable="false"/><Property Name="AuthSystemName" Type="Edm.String" Nullable="false" MaxLength="100" sap:label="Authentication System" sap:creatable="false" sap:updatable="false" sap:sortable="false"/><Property Name="AuthResultSum" Type="Edm.String" Nullable="false" MaxLength="1" sap:label="Result of Request" sap:creatable="false" sap:updatable="false" sap:sortable="false"/></EntityType><EntityType Name="AuthReqObject" sap:content-version="1"><Key><PropertyRef Name="Authid"/><PropertyRef Name="AuthItm"/></Key><Property Name="Mandt" Type="Edm.String" Nullable="false" MaxLength="3" sap:label="Client" sap:creatable="false" sap:updatable="false" sap:sortable="false" sap:filterable="false"/><Property Name="Authid" Type="Edm.String" Nullable="false" MaxLength="32" sap:label="Authentication Request" sap:creatable="false" sap:updatable="false" sap:sortable="false"/><Property Name="AuthItm" Type="Edm.Byte" Nullable="false" sap:label="Item of Authentication Request" sap:creatable="false" sap:updatable="false" sap:sortable="false" sap:filterable="false"/><Property Name="AuthObjCode" Type="Edm.String" Nullable="false" MaxLength="128" sap:label="Object Code" sap:creatable="false" sap:updatable="false" sap:sortable="false" sap:filterable="false"/><Property Name="LotObjid" Type="Edm.String" Nullable="false" MaxLength="32" sap:label="Object ID" sap:creatable="false" sap:updatable="false" sap:sortable="false" sap:filterable="false"/><Property Name="ItmObjid" Type="Edm.String" Nullable="false" MaxLength="32" sap:label="Object ID" sap:creatable="false" sap:updatable="false" sap:sortable="false" sap:filterable="false"/><Property Name="AuthResult" Type="Edm.String" Nullable="false" MaxLength="1" sap:label="Result of object" sap:creatable="false" sap:updatable="false" sap:sortable="false" sap:filterable="false"/><Property Name="StatusSgtin" Type="Edm.String" Nullable="false" MaxLength="10" sap:label="SGTIN Status" sap:creatable="false" sap:updatable="false" sap:sortable="false" sap:filterable="false"/><Property Name="StatusLgtin" Type="Edm.String" Nullable="false" MaxLength="10" sap:label="LGTIN Status (Lot)" sap:creatable="false" sap:updatable="false" sap:sortable="false" sap:filterable="false"/><Property Name="StatusExpiry" Type="Edm.String" Nullable="false" MaxLength="10" sap:label="Expiry Date" sap:creatable="false" sap:updatable="false" sap:sortable="false" sap:filterable="false"/><Property Name="StatusManuf" Type="Edm.String" Nullable="false" MaxLength="10" sap:label="Manufacturing Date" sap:creatable="false" sap:updatable="false" sap:sortable="false" sap:filterable="false"/><Property Name="AuthResultDescr" Type="Edm.String" Nullable="false" MaxLength="60" sap:label="Result of Object" sap:creatable="false" sap:updatable="false" sap:sortable="false" sap:filterable="false"/></EntityType><EntityType Name="ShlpUser" sap:content-version="1"><Key><PropertyRef Name="Username"/></Key><Property Name="Username" Type="Edm.String" Nullable="false" MaxLength="20" sap:label="System Username" sap:creatable="false" sap:updatable="false" sap:sortable="false"/><Property Name="Firstname" Type="Edm.String" Nullable="false" MaxLength="100" sap:label="First name" sap:creatable="false" sap:updatable="false" sap:sortable="false"/><Property Name="Lastname" Type="Edm.String" Nullable="false" MaxLength="100" sap:label="Last name" sap:creatable="false" sap:updatable="false" sap:sortable="false"/></EntityType><EntityType Name="ApplicationIdentifiers" sap:content-version="1"><Key><PropertyRef Name="Gs1ApplicationIdent"/></Key><Property Name="Mandt" Type="Edm.String" Nullable="false" MaxLength="3" sap:label="Client" sap:creatable="false" sap:updatable="false" sap:sortable="false" sap:filterable="false"/><Property Name="Gs1ApplicationIdent" Type="Edm.String" Nullable="false" MaxLength="4" sap:label="GS1ApplIdPrefix" sap:creatable="false" sap:updatable="false" sap:sortable="false" sap:filterable="false"/><Property Name="Descr" Type="Edm.String" Nullable="false" MaxLength="60" sap:label="Description" sap:creatable="false" sap:updatable="false" sap:sortable="false" sap:filterable="false"/><Property Name="Gs1ElemValue1Type" Type="Edm.String" Nullable="false" MaxLength="1" sap:label="GS1ElemVal1Type" sap:creatable="false" sap:updatable="false" sap:sortable="false" sap:filterable="false"/><Property Name="Gs1ElemValue1Length" Type="Edm.String" Nullable="false" MaxLength="3" sap:label="GS1ElemVal1Len" sap:creatable="false" sap:updatable="false" sap:sortable="false" sap:filterable="false"/><Property Name="Gs1ElemValue2Type" Type="Edm.String" Nullable="false" MaxLength="1" sap:label="GS1ElemVal2Type" sap:creatable="false" sap:updatable="false" sap:sortable="false" sap:filterable="false"/><Property Name="Gs1ElemValue2Length" Type="Edm.String" Nullable="false" MaxLength="3" sap:label="GS1ElemVal2Len" sap:creatable="false" sap:updatable="false" sap:sortable="false" sap:filterable="false"/><Property Name="Gs1ElemValue3Type" Type="Edm.String" Nullable="false" MaxLength="1" sap:label="GS1ElemVal3Type" sap:creatable="false" sap:updatable="false" sap:sortable="false" sap:filterable="false"/><Property Name="Gs1ElemValue3Length" Type="Edm.String" Nullable="false" MaxLength="3" sap:label="GS1ElemVal3Len" sap:creatable="false" sap:updatable="false" sap:sortable="false" sap:filterable="false"/><Property Name="Gs1ElemValueVarLength" Type="Edm.String" Nullable="false" MaxLength="1" sap:label="GS1 ElValVLen" sap:creatable="false" sap:updatable="false" sap:sortable="false" sap:filterable="false"/><Property Name="Gs1ElemValueDec" Type="Edm.String" Nullable="false" MaxLength="1" sap:label="Decimal Places" sap:creatable="false" sap:updatable="false" sap:sortable="false" sap:filterable="false"/></EntityType><EntityType Name="HierarchyNode" sap:content-version="1"><Key><PropertyRef Name="Id"/></Key><Property Name="InitialNodeId" Type="Edm.String" Nullable="false" sap:label="ID of initial object" sap:creatable="false" sap:updatable="false" sap:sortable="false"/><Property Name="Level" Type="Edm.Int32" Nullable="false" sap:hierarchy-level-for="Id" sap:label="Level" sap:creatable="false" sap:updatable="false" sap:sortable="false" sap:filterable="false"/><Property Name="DrilldownState" Type="Edm.String" Nullable="false" sap:hierarchy-drill-state-for="Id" sap:creatable="false" sap:updatable="false" sap:sortable="false" sap:filterable="false"/><Property Name="IsLot" Type="Edm.Boolean" Nullable="false" sap:label="Indicator" sap:creatable="false" sap:updatable="false" sap:sortable="false" sap:filterable="false"/><Property Name="HierarchyParentId" Type="Edm.String" Nullable="false" MaxLength="32" sap:hierarchy-parent-node-for="Id" sap:creatable="false" sap:updatable="false" sap:sortable="false" sap:filterable="false"/><Property Name="Gs1EsB" Type="Edm.String" Nullable="false" MaxLength="128" sap:label="GS1 Element String" sap:creatable="false" sap:updatable="false" sap:sortable="false" sap:filterable="false"/><Property Name="Gln" Type="Edm.String" Nullable="false" MaxLength="13" sap:label="Global Location Number" sap:creatable="false" sap:updatable="false" sap:sortable="false" sap:filterable="false"/><Property Name="UoM" Type="Edm.String" Nullable="false" MaxLength="3" sap:label="Unit of Measure" sap:creatable="false" sap:updatable="false" sap:sortable="false" sap:filterable="false"/><Property Name="Quantity" Type="Edm.String" Nullable="false" MaxLength="10" sap:label="Quantity" sap:creatable="false" sap:updatable="false" sap:sortable="false" sap:filterable="false"/><Property Name="Lotno" Type="Edm.String" Nullable="false" MaxLength="20" sap:label="Lot Number" sap:creatable="false" sap:updatable="false" sap:sortable="false" sap:filterable="false"/><Property Name="Disposition" Type="Edm.String" Nullable="false" MaxLength="3" sap:label="Disposition" sap:creatable="false" sap:updatable="false" sap:sortable="false" sap:filterable="false"/><Property Name="StatusStock" Type="Edm.Byte" Nullable="false" sap:label="Logistic Status" sap:creatable="false" sap:updatable="false" sap:sortable="false" sap:filterable="false"/><Property Name="StatusPack" Type="Edm.Byte" Nullable="false" sap:label="Pack Status" sap:creatable="false" sap:updatable="false" sap:sortable="false" sap:filterable="false"/><Property Name="ObjType" Type="Edm.Byte" Nullable="false" sap:label="Object Type" sap:creatable="false" sap:updatable="false" sap:sortable="false" sap:filterable="false"/><Property Name="Id" Type="Edm.String" Nullable="false" sap:hierarchy-node-for="Id" sap:label="ID" sap:creatable="false" sap:updatable="false" sap:sortable="false" sap:filterable="false"/><NavigationProperty Name="HierarchyChildNodes" Relationship="HierarchyNodeToParent" FromRole="FromRole_HierarchyNodeToParent" ToRole="ToRole_HierarchyNodeToParent"/></EntityType><EntityType Name="RepEvent" sap:content-version="1"><Key><PropertyRef Name="RepEvtid"/><PropertyRef Name="NotifType"/></Key><Property Name="StatusResponse" Type="Edm.String" Nullable="false" sap:label="Response Status" sap:creatable="false" sap:updatable="false" sap:sortable="false" sap:filterable="false"/><Property Name="Mandt" Type="Edm.String" Nullable="false" MaxLength="3" sap:label="Client" sap:creatable="false" sap:updatable="false" sap:sortable="false" sap:filterable="false"/><Property Name="RepEvtid" Type="Edm.String" Nullable="false" MaxLength="32" sap:label="Event ID" sap:creatable="false" sap:updatable="false" sap:sortable="false" sap:filterable="false"/><Property Name="Storage" Type="Edm.Byte" Nullable="false" sap:label="Storage Class" sap:creatable="false" sap:updatable="false" sap:sortable="false" sap:filterable="false"/><Property Name="Evtid" Type="Edm.String" Nullable="false" MaxLength="32" sap:label="Event ID" sap:creatable="false" sap:updatable="false" sap:sortable="false" sap:filterable="false"/><Property Name="RuleType" Type="Edm.String" Nullable="false" MaxLength="20" sap:label="Rule Type" sap:creatable="false" sap:updatable="false" sap:sortable="false" sap:filterable="false"/><Property Name="NotifType" Type="Edm.String" Nullable="false" MaxLength="8" sap:label="Reporting Notification Type" sap:creatable="false" sap:updatable="false" sap:sortable="false" sap:filterable="false"/><Property Name="StatusRepEvt" Type="Edm.Byte" Nullable="false" sap:label="Status Reporting Event" sap:creatable="false" sap:updatable="false" sap:sortable="false" sap:filterable="false"/><Property Name="CtrGrp" Type="Edm.String" Nullable="false" MaxLength="10" sap:label="Country Group" sap:creatable="false" sap:updatable="false" sap:sortable="false" sap:filterable="false"/><Property Name="Bupid" Type="Edm.String" Nullable="false" MaxLength="32" sap:label="Business Partner ID" sap:creatable="false" sap:updatable="false" sap:sortable="false" sap:filterable="false"/><Property Name="MsguidOut" Type="Edm.String" Nullable="false" MaxLength="32" sap:label="Message ID" sap:creatable="false" sap:updatable="false" sap:sortable="false" sap:filterable="false"/><Property Name="WaitBatchRel" Type="Edm.String" Nullable="false" MaxLength="1" sap:label="Batch Release" sap:creatable="false" sap:updatable="false" sap:sortable="false" sap:filterable="false"/><Property Name="WaitUserApprvl" Type="Edm.String" Nullable="false" MaxLength="1" sap:label="User Approval" sap:creatable="false" sap:updatable="false" sap:sortable="false" sap:filterable="false"/><Property Name="BatchNo" Type="Edm.String" Nullable="false" MaxLength="20" sap:label="Lot Number" sap:creatable="false" sap:updatable="false" sap:sortable="false" sap:filterable="false"/><Property Name="GtinBatch" Type="Edm.String" Nullable="false" MaxLength="14" sap:label="Global Trade Item Number" sap:creatable="false" sap:updatable="false" sap:sortable="false" sap:filterable="false"/><Property Name="BatchStatus" Type="Edm.String" Nullable="false" MaxLength="3" sap:label="Disposition" sap:creatable="false" sap:updatable="false" sap:sortable="false" sap:filterable="false"/><Property Name="ApprovedBy" Type="Edm.String" Nullable="false" MaxLength="12" sap:label="Approved by" sap:creatable="false" sap:updatable="false" sap:sortable="false" sap:filterable="false"/><Property Name="Bupname" Type="Edm.String" Nullable="false" MaxLength="60" sap:label="Business Partner Name" sap:creatable="false" sap:updatable="false" sap:sortable="false" sap:filterable="false"/><Property Name="Bupno" Type="Edm.String" Nullable="false" MaxLength="20" sap:label="Business Partner Number" sap:creatable="false" sap:updatable="false" sap:sortable="false" sap:filterable="false"/><Property Name="NotifTypeDescr" Type="Edm.String" Nullable="false" MaxLength="40" sap:label="Notification Type Description" sap:creatable="false" sap:updatable="false" sap:sortable="false" sap:filterable="false"/><Property Name="AprvTime" Type="Edm.DateTime" Precision="0" sap:label="Approval Time" sap:creatable="false" sap:updatable="false" sap:sortable="false" sap:filterable="false"/><Property Name="SentTime" Type="Edm.DateTime" Precision="0" sap:label="Sent Time" sap:creatable="false" sap:updatable="false" sap:sortable="false" sap:filterable="false"/><Property Name="Gln" Type="Edm.String" Nullable="false" MaxLength="13" sap:label="Global Location Number" sap:creatable="false" sap:updatable="false" sap:sortable="false" sap:filterable="false"/><Property Name="ExtRefId" Type="Edm.String" Nullable="false" MaxLength="20" sap:label="External Reference ID" sap:creatable="false" sap:updatable="false" sap:sortable="false" sap:filterable="false"/><Property Name="CreationTime" Type="Edm.DateTime" Nullable="false" Precision="0" sap:label="Created on" sap:creatable="false" sap:updatable="false" sap:sortable="false" sap:filterable="false"/><Property Name="CreationUser" Type="Edm.String" Nullable="false" MaxLength="12" sap:label="Created by" sap:creatable="false" sap:updatable="false" sap:sortable="false" sap:filterable="false"/><Property Name="ModifiedTime" Type="Edm.DateTime" Nullable="false" Precision="0" sap:label="Changed on" sap:creatable="false" sap:updatable="false" sap:sortable="false" sap:filterable="false"/><Property Name="ModifiedUser" Type="Edm.String" Nullable="false" MaxLength="12" sap:label="Changed by" sap:creatable="false" sap:updatable="false" sap:sortable="false" sap:filterable="false"/><Property Name="CtrGrpDescr" Type="Edm.String" Nullable="false" MaxLength="60" sap:label="Country Group Description" sap:creatable="false" sap:updatable="false" sap:sortable="false" sap:filterable="false"/><Property Name="RuleTypeDescr" Type="Edm.String" Nullable="false" MaxLength="60" sap:label="Rule Type Description" sap:creatable="false" sap:updatable="false" sap:sortable="false" sap:filterable="false"/></EntityType><EntityType Name="TrnItem" sap:content-version="1"><Key><PropertyRef Name="Trnid"/><PropertyRef Name="Docpos"/></Key><Property Name="Mandt" Type="Edm.String" Nullable="false" MaxLength="3" sap:label="Client" sap:creatable="false" sap:updatable="false" sap:sortable="false" sap:filterable="false"/><Property Name="Trnid" Type="Edm.String" Nullable="false" MaxLength="32" sap:label="Transaction ID" sap:creatable="false" sap:updatable="false" sap:sortable="false" sap:filterable="false"/><Property Name="Docpos" Type="Edm.String" Nullable="false" MaxLength="10" sap:label="Document Item" sap:creatable="false" sap:updatable="false" sap:sortable="false" sap:filterable="false"/><Property Name="StatusItm" Type="Edm.String" Nullable="false" MaxLength="1" sap:label="Transaction Status" sap:creatable="false" sap:updatable="false" sap:sortable="false" sap:filterable="false"/><Property Name="ItemRef" Type="Edm.String" Nullable="false" MaxLength="10" sap:label="Reference Item" sap:creatable="false" sap:updatable="false" sap:sortable="false" sap:filterable="false"/><Property Name="Gtin" Type="Edm.String" Nullable="false" MaxLength="14" sap:label="Global Trade Item Number" sap:creatable="false" sap:updatable="false" sap:sortable="false" sap:filterable="false"/><Property Name="Lotno" Type="Edm.String" Nullable="false" MaxLength="20" sap:label="Lot Number" sap:creatable="false" sap:updatable="false" sap:sortable="false" sap:filterable="false"/><Property Name="QuantityPlan" Type="Edm.Int32" Nullable="false" sap:label="Planned Quantity" sap:creatable="false" sap:updatable="false" sap:sortable="false" sap:filterable="false"/><Property Name="QuantityConf" Type="Edm.Int32" Nullable="false" sap:label="Confirmed Quantity" sap:creatable="false" sap:updatable="false" sap:sortable="false" sap:filterable="false"/><Property Name="Descr" Type="Edm.String" Nullable="false" MaxLength="60" sap:label="Short Description" sap:creatable="false" sap:updatable="false" sap:sortable="false" sap:filterable="false"/><Property Name="QuantityUom" Type="Edm.String" Nullable="false" MaxLength="3" sap:label="Unit of Measure" sap:creatable="false" sap:updatable="false" sap:sortable="false" sap:filterable="false"/></EntityType><EntityType Name="GenericObject" sap:content-version="1"><Key><PropertyRef Name="EpcIdUri"/></Key><Property Name="Trnid" Type="Edm.String" Nullable="false" MaxLength="32" sap:label="Transaction ID" sap:creatable="false" sap:updatable="false" sap:sortable="false"/><Property Name="Objid" Type="Edm.String" Nullable="false" MaxLength="32" sap:label="Object ID" sap:creatable="false" sap:updatable="false" sap:sortable="false" sap:filterable="false"/><Property Name="Objtype" Type="Edm.Byte" Nullable="false" sap:label="Object Type" sap:creatable="false" sap:updatable="false" sap:sortable="false" sap:filterable="false"/><Property Name="Gs1EsB" Type="Edm.String" Nullable="false" MaxLength="128" sap:label="GS1 Element String" sap:creatable="false" sap:updatable="false" sap:sortable="false" sap:filterable="false"/><Property Name="EpcIdUri" Type="Edm.String" Nullable="false" MaxLength="128" sap:label="EPC ID URI" sap:creatable="false" sap:updatable="false" sap:sortable="false" sap:filterable="false"/><Property Name="Gtin" Type="Edm.String" Nullable="false" MaxLength="14" sap:label="Global Trade Item Number" sap:creatable="false" sap:updatable="false" sap:sortable="false" sap:filterable="false"/><Property Name="Serno" Type="Edm.String" Nullable="false" MaxLength="20" sap:label="Serial Number" sap:creatable="false" sap:updatable="false" sap:sortable="false" sap:filterable="false"/><Property Name="Lotno" Type="Edm.String" Nullable="false" MaxLength="40" sap:label="Lot Number" sap:creatable="false" sap:updatable="false" sap:sortable="false" sap:filterable="false"/><Property Name="Owner" Type="Edm.String" Nullable="false" MaxLength="20" sap:label="Owner" sap:creatable="false" sap:updatable="false" sap:sortable="false" sap:filterable="false"/><Property Name="Native" Type="Edm.String" Nullable="false" MaxLength="1" sap:label="Native Indicator" sap:creatable="false" sap:updatable="false" sap:sortable="false" sap:filterable="false"/><Property Name="Parent" Type="Edm.String" Nullable="false" MaxLength="1" sap:label="Parent Indicator" sap:creatable="false" sap:updatable="false" sap:sortable="false" sap:filterable="false"/><Property Name="Gln" Type="Edm.String" Nullable="false" MaxLength="13" sap:label="Global Location Number" sap:creatable="false" sap:updatable="false" sap:sortable="false" sap:filterable="false"/></EntityType><EntityType Name="TrnItemComp" sap:content-version="1"><Key><PropertyRef Name="Trnid"/><PropertyRef Name="Docpos"/></Key><Property Name="Mandt" Type="Edm.String" Nullable="false" MaxLength="3" sap:label="Client" sap:creatable="false" sap:updatable="false" sap:sortable="false" sap:filterable="false"/><Property Name="Trnid" Type="Edm.String" Nullable="false" MaxLength="32" sap:label="Transaction ID" sap:creatable="false" sap:updatable="false" sap:sortable="false" sap:filterable="false"/><Property Name="Docpos" Type="Edm.String" Nullable="false" MaxLength="10" sap:label="Document Item" sap:creatable="false" sap:updatable="false" sap:sortable="false" sap:filterable="false"/><Property Name="StatusItm" Type="Edm.String" Nullable="false" MaxLength="1" sap:label="Transaction Status" sap:creatable="false" sap:updatable="false" sap:sortable="false" sap:filterable="false"/><Property Name="ItemRef" Type="Edm.String" Nullable="false" MaxLength="10" sap:label="Reference Item" sap:creatable="false" sap:updatable="false" sap:sortable="false" sap:filterable="false"/><Property Name="Gtin" Type="Edm.String" Nullable="false" MaxLength="14" sap:label="Global Trade Item Number" sap:creatable="false" sap:updatable="false" sap:sortable="false" sap:filterable="false"/><Property Name="Lotno" Type="Edm.String" Nullable="false" MaxLength="20" sap:label="Lot Number" sap:creatable="false" sap:updatable="false" sap:sortable="false" sap:filterable="false"/><Property Name="QuantityPlan" Type="Edm.Int32" Nullable="false" sap:label="Planned Quantity" sap:creatable="false" sap:updatable="false" sap:sortable="false" sap:filterable="false"/><Property Name="QuantityConf" Type="Edm.Int32" Nullable="false" sap:label="Confirmed Quantity" sap:creatable="false" sap:updatable="false" sap:sortable="false" sap:filterable="false"/><Property Name="Descr" Type="Edm.String" Nullable="false" MaxLength="60" sap:label="Trade Item Description" sap:creatable="false" sap:updatable="false" sap:sortable="false" sap:filterable="false"/><Property Name="QuantityUom" Type="Edm.String" Nullable="false" MaxLength="3" sap:label="Unit of Measure" sap:creatable="false" sap:updatable="false" sap:sortable="false" sap:filterable="false"/><Property Name="StatusItmDescr" Type="Edm.String" Nullable="false" MaxLength="60" sap:label="Transaction Status" sap:creatable="false" sap:updatable="false" sap:sortable="false" sap:filterable="false"/><Property Name="DocposUi" Type="Edm.String" Nullable="false" MaxLength="21" sap:label="Document Item" sap:creatable="false" sap:updatable="false" sap:sortable="false" sap:filterable="false"/><Property Name="ItemCount" Type="Edm.Int32" Nullable="false" sap:label="Item Count" sap:creatable="false" sap:updatable="false" sap:sortable="false" sap:filterable="false"/><Property Name="ItemDiff" Type="Edm.Int32" Nullable="false" sap:label="Item Difference" sap:creatable="false" sap:updatable="false" sap:sortable="false" sap:filterable="false"/></EntityType><EntityType Name="AggrHierarchyResult" sap:content-version="1"><Key><PropertyRef Name="Nr"/></Key><Property Name="Description" Type="Edm.String" Nullable="false" sap:label="Description" sap:creatable="false" sap:updatable="false" sap:sortable="false" sap:filterable="false"/><Property Name="BaseUom" Type="Edm.String" Nullable="false" sap:label="Base Unit of Measure" sap:creatable="false" sap:updatable="false" sap:sortable="false" sap:filterable="false"/><Property Name="Quantity" Type="Edm.Int32" Nullable="false" sap:label="Quantity" sap:creatable="false" sap:updatable="false" sap:sortable="false" sap:filterable="false"/><Property Name="Lotno" Type="Edm.String" Nullable="false" sap:label="Lot Number" sap:creatable="false" sap:updatable="false" sap:sortable="false" sap:filterable="false"/><Property Name="Type" Type="Edm.String" Nullable="false" sap:label="Type" sap:creatable="false" sap:updatable="false" sap:sortable="false" sap:filterable="false"/><Property Name="IsParent" Type="Edm.String" Nullable="false" sap:label="Parent Indicator" sap:creatable="false" sap:updatable="false" sap:sortable="false" sap:filterable="false"/><Property Name="Nr" Type="Edm.Int32" Nullable="false" sap:label="Number" sap:creatable="false" sap:updatable="false" sap:sortable="false"/><Property Name="Gtin" Type="Edm.String" Nullable="false" sap:label="Global Trade Item Number" sap:creatable="false" sap:updatable="false" sap:sortable="false" sap:filterable="false"/><Property Name="RootId" Type="Edm.String" Nullable="false" sap:label="Root Identifier" sap:creatable="false" sap:updatable="false" sap:sortable="false"/></EntityType><ComplexType Name="objectLot"><Property Name="Objid" Type="Edm.String" Nullable="false" MaxLength="32" sap:label="Object ID" sap:creatable="false" sap:updatable="false" sap:sortable="false" sap:filterable="false"/><Property Name="Gtin" Type="Edm.String" Nullable="false" MaxLength="14" sap:label="GTIN" sap:creatable="false" sap:updatable="false" sap:sortable="false" sap:filterable="false"/><Property Name="Lotno" Type="Edm.String" Nullable="false" MaxLength="20" sap:label="Lot Number" sap:creatable="false" sap:updatable="false" sap:sortable="false" sap:filterable="false"/><Property Name="Datex" Type="Edm.DateTime" Nullable="false" Precision="7" sap:label="Expiry Date" sap:creatable="false" sap:updatable="false" sap:sortable="false" sap:filterable="false"/><Property Name="Datmf" Type="Edm.DateTime" Nullable="false" Precision="7" sap:label="Manuf. Date" sap:creatable="false" sap:updatable="false" sap:sortable="false" sap:filterable="false"/><Property Name="QtyProd" Type="Edm.Int32" Nullable="false" sap:label="Produced Qty" sap:creatable="false" sap:updatable="false" sap:sortable="false" sap:filterable="false"/><Property Name="QtyRec" Type="Edm.Int32" Nullable="false" sap:label="Received Qty" sap:creatable="false" sap:updatable="false" sap:sortable="false" sap:filterable="false"/><Property Name="QtyShp" Type="Edm.Int32" Nullable="false" sap:label="Shipped Qty" sap:creatable="false" sap:updatable="false" sap:sortable="false" sap:filterable="false"/><Property Name="Gln" Type="Edm.String" Nullable="false" MaxLength="13" sap:label="Global Location No." sap:creatable="false" sap:updatable="false" sap:sortable="false" sap:filterable="false"/><Property Name="GlnExt" Type="Edm.String" Nullable="false" MaxLength="20" sap:label="Global Loc. No. Ext." sap:creatable="false" sap:updatable="false" sap:sortable="false" sap:filterable="false"/></ComplexType><ComplexType Name="ObjComps"><Property Name="Owner" Type="Edm.String" Nullable="false" MaxLength="20" sap:label="Obj.Comp: Owner" sap:creatable="false" sap:updatable="false" sap:sortable="false" sap:filterable="false"/><Property Name="Product" Type="Edm.String" Nullable="false" MaxLength="20" sap:label="Obj.Comp: Product" sap:creatable="false" sap:updatable="false" sap:sortable="false" sap:filterable="false"/><Property Name="Serial" Type="Edm.String" Nullable="false" MaxLength="40" sap:label="Serial Number" sap:creatable="false" sap:updatable="false" sap:sortable="false"/><Property Name="EncType" Type="Edm.String" Nullable="false" MaxLength="10" sap:label="Encoding Type" sap:creatable="false" sap:updatable="false" sap:sortable="false" sap:filterable="false"/><Property Name="Gtin" Type="Edm.String" Nullable="false" MaxLength="14" sap:label="GTIN" sap:creatable="false" sap:updatable="false" sap:sortable="false"/><Property Name="Sscc" Type="Edm.String" Nullable="false" MaxLength="18" sap:label="SSCC" sap:creatable="false" sap:updatable="false" sap:sortable="false"/><Property Name="Batch" Type="Edm.String" Nullable="false" MaxLength="20" sap:label="Lot Number" sap:creatable="false" sap:updatable="false" sap:sortable="false"/><Property Name="UrnCode" Type="Edm.String" Nullable="false" sap:label="EPC ID URI" sap:creatable="false" sap:updatable="false" sap:sortable="false" sap:filterable="false"/><Property Name="Rc" Type="Edm.Int32" Nullable="false" sap:label="Return Value" sap:creatable="false" sap:updatable="false" sap:sortable="false" sap:filterable="false"/></ComplexType><ComplexType Name="ObjItm"><Property Name="Objid" Type="Edm.String" Nullable="false" MaxLength="32" sap:label="Object ID" sap:creatable="false" sap:updatable="false" sap:sortable="false" sap:filterable="false"/><Property Name="Gtin" Type="Edm.String" Nullable="false" MaxLength="14" sap:label="GTIN" sap:creatable="false" sap:updatable="false" sap:sortable="false" sap:filterable="false"/><Property Name="Serno" Type="Edm.String" Nullable="false" MaxLength="40" sap:label="Serial Number" sap:creatable="false" sap:updatable="false" sap:sortable="false" sap:filterable="false"/><Property Name="LotObjid" Type="Edm.String" Nullable="false" MaxLength="32" sap:label="Object ID" sap:creatable="false" sap:updatable="false" sap:sortable="false" sap:filterable="false"/></ComplexType><ComplexType Name="ObjExt"><Property Name="Objid" Type="Edm.String" Nullable="false" MaxLength="32" sap:label="Object ID" sap:creatable="false" sap:updatable="false" sap:sortable="false" sap:filterable="false"/><Property Name="Owner" Type="Edm.String" Nullable="false" MaxLength="20" sap:label="Obj.Comp: Owner" sap:creatable="false" sap:updatable="false" sap:sortable="false" sap:filterable="false"/><Property Name="Product" Type="Edm.String" Nullable="false" MaxLength="20" sap:label="Obj.Comp: Product" sap:creatable="false" sap:updatable="false" sap:sortable="false" sap:filterable="false"/><Property Name="Serial" Type="Edm.String" Nullable="false" MaxLength="40" sap:label="Serial Number" sap:creatable="false" sap:updatable="false" sap:sortable="false" sap:filterable="false"/><Property Name="EncType" Type="Edm.String" Nullable="false" MaxLength="10" sap:label="Encoding Type" sap:creatable="false" sap:updatable="false" sap:sortable="false" sap:filterable="false"/><Property Name="Objtype" Type="Edm.Byte" Nullable="false" sap:label="Object Type" sap:creatable="false" sap:updatable="false" sap:sortable="false" sap:filterable="false"/><Property Name="Storage" Type="Edm.Byte" Nullable="false" sap:label="Storage Class" sap:creatable="false" sap:updatable="false" sap:sortable="false" sap:filterable="false"/><Property Name="StatusObj" Type="Edm.Byte" Nullable="false" sap:label="Status" sap:creatable="false" sap:updatable="false" sap:sortable="false" sap:filterable="false"/><Property Name="StatusPack" Type="Edm.Byte" Nullable="false" sap:label="Pack Status" sap:creatable="false" sap:updatable="false" sap:sortable="false" sap:filterable="false"/><Property Name="StatusStock" Type="Edm.Byte" Nullable="false" sap:label="Stock Status" sap:creatable="false" sap:updatable="false" sap:sortable="false" sap:filterable="false"/><Property Name="Disposition" Type="Edm.String" Nullable="false" MaxLength="3" sap:label="Disposition" sap:creatable="false" sap:updatable="false" sap:sortable="false" sap:filterable="false"/></ComplexType><ComplexType Name="ObjScc"><Property Name="Objid" Type="Edm.String" Nullable="false" MaxLength="32" sap:label="Object ID" sap:creatable="false" sap:updatable="false" sap:sortable="false" sap:filterable="false"/><Property Name="Weight" Type="Edm.Decimal" Nullable="false" Precision="13" Scale="3" sap:unit="WeightUom" sap:label="Gross weight" sap:creatable="false" sap:updatable="false" sap:sortable="false" sap:filterable="false"/><Property Name="WeightUom" Type="Edm.String" Nullable="false" MaxLength="3" sap:label="Unit of M." sap:creatable="false" sap:updatable="false" sap:sortable="false" sap:filterable="false" sap:semantics="unit-of-measure"/><Property Name="Volume" Type="Edm.Decimal" Nullable="false" Precision="13" Scale="3" sap:unit="VolumeUom" sap:label="Volume" sap:creatable="false" sap:updatable="false" sap:sortable="false" sap:filterable="false"/><Property Name="VolumeUom" Type="Edm.String" Nullable="false" MaxLength="3" sap:label="Unit of M." sap:creatable="false" sap:updatable="false" sap:sortable="false" sap:filterable="false" sap:semantics="unit-of-measure"/></ComplexType><ComplexType Name="ObjLot"><Property Name="Objid" Type="Edm.String" Nullable="false" MaxLength="32" sap:label="Object ID" sap:creatable="false" sap:updatable="false" sap:sortable="false" sap:filterable="false"/><Property Name="Gtin" Type="Edm.String" Nullable="false" MaxLength="14" sap:label="GTIN" sap:creatable="false" sap:updatable="false" sap:sortable="false" sap:filterable="false"/><Property Name="Lotno" Type="Edm.String" Nullable="false" MaxLength="20" sap:label="Lot Number" sap:creatable="false" sap:updatable="false" sap:sortable="false" sap:filterable="false"/><Property Name="Datex" Type="Edm.DateTime" Precision="7" sap:label="Expiry Date" sap:creatable="false" sap:updatable="false" sap:sortable="false" sap:filterable="false"/><Property Name="Datmf" Type="Edm.DateTime" Precision="7" sap:label="Manuf. Date" sap:creatable="false" sap:updatable="false" sap:sortable="false" sap:filterable="false"/><Property Name="QtyProd" Type="Edm.Int32" Nullable="false" sap:label="Produced Qty" sap:creatable="false" sap:updatable="false" sap:sortable="false" sap:filterable="false"/></ComplexType><ComplexType Name="HierObjData" Abstract="true"><Property Name="Objid" Type="Edm.String" Nullable="false" MaxLength="32" sap:label="Object ID" sap:creatable="false" sap:updatable="false" sap:sortable="false" sap:filterable="false"/><Property Name="Gs1EsB" Type="Edm.String" Nullable="false" MaxLength="128" sap:label="GS1 Elem String" sap:creatable="false" sap:updatable="false" sap:sortable="false" sap:filterable="false"/><Property Name="Objtype" Type="Edm.Byte" Nullable="false" sap:label="Object Type" sap:creatable="false" sap:updatable="false" sap:sortable="false" sap:filterable="false"/><Property Name="StatusPack" Type="Edm.Byte" Nullable="false" sap:label="Pack Status" sap:creatable="false" sap:updatable="false" sap:sortable="false" sap:filterable="false"/><Property Name="StatusStock" Type="Edm.Byte" Nullable="false" sap:label="Logistic Status" sap:creatable="false" sap:updatable="false" sap:sortable="false" sap:filterable="false"/><Property Name="Disposition" Type="Edm.String" Nullable="false" MaxLength="3" sap:label="Disposition" sap:creatable="false" sap:updatable="false" sap:sortable="false" sap:filterable="false"/><Property Name="ObjidParent" Type="Edm.String" Nullable="false" MaxLength="32" sap:label="Object ID" sap:creatable="false" sap:updatable="false" sap:sortable="false" sap:filterable="false"/><Property Name="ObjidRoot" Type="Edm.String" Nullable="false" MaxLength="32" sap:label="Object ID" sap:creatable="false" sap:updatable="false" sap:sortable="false" sap:filterable="false"/><Property Name="Lotno" Type="Edm.String" Nullable="false" MaxLength="20" sap:label="Lot Number" sap:creatable="false" sap:updatable="false" sap:sortable="false" sap:filterable="false"/><Property Name="Quantity" Type="Edm.Int32" Nullable="false" sap:label="Planned Qty" sap:creatable="false" sap:updatable="false" sap:sortable="false" sap:filterable="false"/><Property Name="QuantityUom" Type="Edm.String" Nullable="false" MaxLength="3" sap:label="Unit of M." sap:creatable="false" sap:updatable="false" sap:sortable="false" sap:filterable="false" sap:semantics="unit-of-measure"/><Property Name="LotObjid" Type="Edm.String" Nullable="false" MaxLength="32" sap:label="Object ID" sap:creatable="false" sap:updatable="false" sap:sortable="false" sap:filterable="false"/><Property Name="Gln" Type="Edm.String" Nullable="false" MaxLength="13" sap:label="Global Location No." sap:creatable="false" sap:updatable="false" sap:sortable="false" sap:filterable="false"/></ComplexType><Association Name="ObjItmAttrib" sap:content-version="1"><End Type="ObjItem" Multiplicity="1" Role="FromRole_ObjItmAttrib"/><End Type="EntityAttribute" Multiplicity="*" Role="ToRole_ObjItmAttrib"/></Association><Association Name="ObjItmLot" sap:content-version="1"><End Type="ObjItem" Multiplicity="*" Role="FromRole_ObjItmLot"/><End Type="Lot" Multiplicity="1" Role="ToRole_ObjItmLot"/></Association><Association Name="ObjItmEvt" sap:content-version="1"><End Type="ObjItem" Multiplicity="1" Role="FromRole_ObjItmEvt"/><End Type="Event" Multiplicity="*" Role="ToRole_ObjItmEvt"/></Association><Association Name="ObjItmTrn" sap:content-version="1"><End Type="ObjItem" Multiplicity="1" Role="FromRole_ObjItmTrn"/><End Type="Transaction" Multiplicity="*" Role="ToRole_ObjItmTrn"/></Association><Association Name="ObjItmAggrHierarchy" sap:content-version="1"><End Type="ObjItem" Multiplicity="1" Role="FromRole_ObjItmAggrHierarchy"/><End Type="AggrHierarchyResult" Multiplicity="*" Role="ToRole_ObjItmAggrHierarchy"/><ReferentialConstraint><Principal Role="FromRole_ObjItmAggrHierarchy"><PropertyRef Name="EpcIdUri"/></Principal><Dependent Role="ToRole_ObjItmAggrHierarchy"><PropertyRef Name="RootId"/></Dependent></ReferentialConstraint></Association><Association Name="ObjItmRepEvt" sap:content-version="1"><End Type="ObjItem" Multiplicity="0..1" Role="FromRole_ObjItmRepEvt"/><End Type="RepEvent" Multiplicity="*" Role="ToRole_ObjItmRepEvt"/></Association><Association Name="HierarchyNodeToParent" sap:content-version="1"><End Type="HierarchyNode" Multiplicity="0..1" Role="FromRole_HierarchyNodeToParent"/><End Type="HierarchyNode" Multiplicity="*" Role="ToRole_HierarchyNodeToParent"/><ReferentialConstraint><Principal Role="FromRole_HierarchyNodeToParent"><PropertyRef Name="Id"/></Principal><Dependent Role="ToRole_HierarchyNodeToParent"><PropertyRef Name="HierarchyParentId"/></Dependent></ReferentialConstraint></Association><Association Name="LotAttrib" sap:content-version="1"><End Type="Lot" Multiplicity="1" Role="FromRole_LotAttrib"/><End Type="EntityAttribute" Multiplicity="*" Role="ToRole_LotAttrib"/></Association><Association Name="LotObjItm" sap:content-version="1"><End Type="Lot" Multiplicity="1" Role="FromRole_LotObjItm"/><End Type="ObjItem" Multiplicity="*" Role="ToRole_LotObjItm"/></Association><Association Name="LotEvt" sap:content-version="1"><End Type="Lot" Multiplicity="1" Role="FromRole_LotEvt"/><End Type="Event" Multiplicity="*" Role="ToRole_LotEvt"/></Association><Association Name="LotTrn" sap:content-version="1"><End Type="Lot" Multiplicity="1" Role="FromRole_LotTrn"/><End Type="Transaction" Multiplicity="*" Role="ToRole_LotTrn"/></Association><Association Name="LotRepEvt" sap:content-version="1"><End Type="Lot" Multiplicity="0..1" Role="FromRole_LotRepEvt"/><End Type="RepEvent" Multiplicity="*" Role="ToRole_LotRepEvt"/></Association><Association Name="FixedTypeValues" sap:content-version="1"><End Type="FixedValueType" Multiplicity="1" Role="FromRole_FixedTypeValues"/><End Type="FixedValues" Multiplicity="*" Role="ToRole_FixedTypeValues"/></Association><Association Name="TrnEvt" sap:content-version="1"><End Type="Transaction" Multiplicity="0..1" Role="FromRole_TrnEvt"/><End Type="Event" Multiplicity="*" Role="ToRole_TrnEvt"/></Association><Association Name="TrnObjItm" sap:content-version="1"><End Type="Transaction" Multiplicity="*" Role="FromRole_TrnObjItm"/><End Type="ObjItem" Multiplicity="*" Role="ToRole_TrnObjItm"/></Association><Association Name="TrnAttrib" sap:content-version="1"><End Type="Transaction" Multiplicity="1" Role="FromRole_TrnAttrib"/><End Type="EntityAttribute" Multiplicity="*" Role="ToRole_TrnAttrib"/></Association><Association Name="TrnTrnItm" sap:content-version="1"><End Type="Transaction" Multiplicity="0..1" Role="FromRole_TrnTrnItm"/><End Type="TrnItem" Multiplicity="*" Role="ToRole_TrnTrnItm"/></Association><Association Name="ContAttrib" sap:content-version="1"><End Type="Container" Multiplicity="1" Role="FromRole_ContAttrib"/><End Type="EntityAttribute" Multiplicity="*" Role="ToRole_ContAttrib"/></Association><Association Name="ContEvt" sap:content-version="1"><End Type="Container" Multiplicity="0..1" Role="FromRole_ContEvt"/><End Type="Event" Multiplicity="*" Role="ToRole_ContEvt"/></Association><Association Name="ContTrn" sap:content-version="1"><End Type="Container" Multiplicity="0..1" Role="FromRole_ContTrn"/><End Type="Transaction" Multiplicity="*" Role="ToRole_ContTrn"/></Association><Association Name="ContRepEvt" sap:content-version="1"><End Type="Container" Multiplicity="0..1" Role="FromRole_ContRepEvt"/><End Type="RepEvent" Multiplicity="*" Role="ToRole_ContRepEvt"/></Association><Association Name="ContAggrHierarchy" sap:content-version="1"><End Type="Container" Multiplicity="1" Role="FromRole_ContAggrHierarchy"/><End Type="AggrHierarchyResult" Multiplicity="*" Role="ToRole_ContAggrHierarchy"/><ReferentialConstraint><Principal Role="FromRole_ContAggrHierarchy"><PropertyRef Name="EpcIdUri"/></Principal><Dependent Role="ToRole_ContAggrHierarchy"><PropertyRef Name="RootId"/></Dependent></ReferentialConstraint></Association><EntityContainer Name="ATT_COCKPIT_210_SRV_Entities" m:IsDefaultEntityContainer="true"><EntitySet Name="ObjectSet" EntityType="Object" sap:creatable="false" sap:updatable="false" sap:deletable="false" sap:pageable="false" sap:content-version="1"/><EntitySet Name="ShlpLotnoSet" EntityType="ShlpLotno" sap:creatable="false" sap:updatable="false" sap:deletable="false" sap:pageable="false" sap:content-version="1"/><EntitySet Name="EntityAttributeSet" EntityType="EntityAttribute" sap:creatable="false" sap:updatable="false" sap:deletable="false" sap:pageable="false" sap:content-version="1"/><EntitySet Name="ObjItemSet" EntityType="ObjItem" sap:creatable="false" sap:updatable="false" sap:deletable="false" sap:pageable="false" sap:content-version="1"/><EntitySet Name="FixedValueTypeSet" EntityType="FixedValueType" sap:creatable="false" sap:updatable="false" sap:deletable="false" sap:pageable="false" sap:content-version="1"/><EntitySet Name="FixedValuesSet" EntityType="FixedValues" sap:creatable="false" sap:updatable="false" sap:deletable="false" sap:pageable="false" sap:content-version="1"/><EntitySet Name="EventSet" EntityType="Event" sap:creatable="false" sap:updatable="false" sap:deletable="false" sap:pageable="false" sap:content-version="1"/><EntitySet Name="TransactionSet" EntityType="Transaction" sap:creatable="false" sap:updatable="false" sap:deletable="false" sap:pageable="false" sap:content-version="1"/><EntitySet Name="ShlpGtinSet" EntityType="ShlpGtin" sap:creatable="false" sap:updatable="false" sap:deletable="false" sap:pageable="false" sap:content-version="1"/><EntitySet Name="ShlpNCodeSet" EntityType="ShlpNCode" sap:creatable="false" sap:updatable="false" sap:deletable="false" sap:pageable="false" sap:content-version="1"/><EntitySet Name="ShlpDispositionSet" EntityType="ShlpDisposition" sap:creatable="false" sap:updatable="false" sap:deletable="false" sap:pageable="false" sap:content-version="1"/><EntitySet Name="LotSet" EntityType="Lot" sap:creatable="false" sap:updatable="false" sap:deletable="false" sap:pageable="false" sap:content-version="1"/><EntitySet Name="ObjTypeSet" EntityType="ObjType" sap:creatable="false" sap:updatable="false" sap:deletable="false" sap:pageable="false" sap:content-version="1"/><EntitySet Name="ShlpRCodeSet" EntityType="ShlpRCode" sap:creatable="false" sap:updatable="false" sap:deletable="false" sap:pageable="false" sap:content-version="1"/><EntitySet Name="UserInfoSet" EntityType="UserInfo" sap:creatable="false" sap:updatable="false" sap:deletable="false" sap:pageable="false" sap:content-version="1"/><EntitySet Name="ShlpGtinMatSet" EntityType="ShlpGtinMat" sap:creatable="false" sap:updatable="false" sap:deletable="false" sap:pageable="false" sap:content-version="1"/><EntitySet Name="TextSet" EntityType="Text" sap:creatable="false" sap:updatable="false" sap:deletable="false" sap:pageable="false" sap:addressable="false" sap:content-version="1"/><EntitySet Name="ContainerSet" EntityType="Container" sap:creatable="false" sap:updatable="false" sap:deletable="false" sap:pageable="false" sap:content-version="1"/><EntitySet Name="AuthRequestSet" EntityType="AuthRequest" sap:creatable="false" sap:updatable="false" sap:deletable="false" sap:pageable="false" sap:content-version="1"/><EntitySet Name="AuthReqObjectSet" EntityType="AuthReqObject" sap:creatable="false" sap:updatable="false" sap:deletable="false" sap:pageable="false" sap:content-version="1"/><EntitySet Name="ShlpUserSet" EntityType="ShlpUser" sap:creatable="false" sap:updatable="false" sap:deletable="false" sap:pageable="false" sap:addressable="false" sap:content-version="1"/><EntitySet Name="ApplicationIdentifiersSet" EntityType="ApplicationIdentifiers" sap:creatable="false" sap:updatable="false" sap:deletable="false" sap:pageable="false" sap:content-version="1"/><EntitySet Name="HierarchyNodeSet" EntityType="HierarchyNode" sap:creatable="false" sap:updatable="false" sap:deletable="false" sap:pageable="false" sap:content-version="1"/><EntitySet Name="RepEventSet" EntityType="RepEvent" sap:creatable="false" sap:updatable="false" sap:deletable="false" sap:pageable="false" sap:content-version="1"/><EntitySet Name="TrnItemSet" EntityType="TrnItem" sap:creatable="false" sap:updatable="false" sap:deletable="false" sap:pageable="false" sap:content-version="1"/><EntitySet Name="GenericObjectSet" EntityType="GenericObject" sap:creatable="false" sap:updatable="false" sap:deletable="false" sap:pageable="false" sap:content-version="1"/><EntitySet Name="TrnItemCompSet" EntityType="TrnItemComp" sap:creatable="false" sap:updatable="false" sap:deletable="false" sap:pageable="false" sap:content-version="1"/><EntitySet Name="AggrHierarchyResultSet" EntityType="AggrHierarchyResult" sap:creatable="false" sap:updatable="false" sap:deletable="false" sap:pageable="false" sap:addressable="false" sap:content-version="1"/><AssociationSet Name="ObjItmAttrib_AssocSet" Association="ObjItmAttrib" sap:creatable="false" sap:updatable="false" sap:deletable="false" sap:content-version="1"><End EntitySet="ObjItemSet" Role="FromRole_ObjItmAttrib"/><End EntitySet="EntityAttributeSet" Role="ToRole_ObjItmAttrib"/></AssociationSet><AssociationSet Name="TrnTrnItmSet" Association="TrnTrnItm" sap:creatable="false" sap:updatable="false" sap:deletable="false" sap:content-version="1"><End EntitySet="TransactionSet" Role="FromRole_TrnTrnItm"/><End EntitySet="TrnItemSet" Role="ToRole_TrnTrnItm"/></AssociationSet><AssociationSet Name="ObjItmTrn_AssocSet" Association="ObjItmTrn" sap:creatable="false" sap:updatable="false" sap:deletable="false" sap:content-version="1"><End EntitySet="ObjItemSet" Role="FromRole_ObjItmTrn"/><End EntitySet="TransactionSet" Role="ToRole_ObjItmTrn"/></AssociationSet><AssociationSet Name="LotEvt_AssocSet" Association="LotEvt" sap:creatable="false" sap:updatable="false" sap:deletable="false" sap:content-version="1"><End EntitySet="LotSet" Role="FromRole_LotEvt"/><End EntitySet="EventSet" Role="ToRole_LotEvt"/></AssociationSet><AssociationSet Name="ContAggrHierarchySet" Association="ContAggrHierarchy" sap:creatable="false" sap:updatable="false" sap:deletable="false" sap:content-version="1"><End EntitySet="ContainerSet" Role="FromRole_ContAggrHierarchy"/><End EntitySet="AggrHierarchyResultSet" Role="ToRole_ContAggrHierarchy"/></AssociationSet><AssociationSet Name="LotObjItm_AssocSet" Association="LotObjItm" sap:creatable="false" sap:updatable="false" sap:deletable="false" sap:content-version="1"><End EntitySet="LotSet" Role="FromRole_LotObjItm"/><End EntitySet="ObjItemSet" Role="ToRole_LotObjItm"/></AssociationSet><AssociationSet Name="ContTrnSet" Association="ContTrn" sap:creatable="false" sap:updatable="false" sap:deletable="false" sap:content-version="1"><End EntitySet="ContainerSet" Role="FromRole_ContTrn"/><End EntitySet="TransactionSet" Role="ToRole_ContTrn"/></AssociationSet><AssociationSet Name="LotAttrib_AssocSet" Association="LotAttrib" sap:creatable="false" sap:updatable="false" sap:deletable="false" sap:content-version="1"><End EntitySet="LotSet" Role="FromRole_LotAttrib"/><End EntitySet="EntityAttributeSet" Role="ToRole_LotAttrib"/></AssociationSet><AssociationSet Name="ObjItmRepEvtSet" Association="ObjItmRepEvt" sap:creatable="false" sap:updatable="false" sap:deletable="false" sap:content-version="1"><End EntitySet="ObjItemSet" Role="FromRole_ObjItmRepEvt"/><End EntitySet="RepEventSet" Role="ToRole_ObjItmRepEvt"/></AssociationSet><AssociationSet Name="ContRepEvtSet" Association="ContRepEvt" sap:creatable="false" sap:updatable="false" sap:deletable="false" sap:content-version="1"><End EntitySet="ContainerSet" Role="FromRole_ContRepEvt"/><End EntitySet="RepEventSet" Role="ToRole_ContRepEvt"/></AssociationSet><AssociationSet Name="FixedTypeValues_AssocSet" Association="FixedTypeValues" sap:creatable="false" sap:updatable="false" sap:deletable="false" sap:content-version="1"><End EntitySet="FixedValueTypeSet" Role="FromRole_FixedTypeValues"/><End EntitySet="FixedValuesSet" Role="ToRole_FixedTypeValues"/></AssociationSet><AssociationSet Name="ObjItmAggrHierarchySet" Association="ObjItmAggrHierarchy" sap:creatable="false" sap:updatable="false" sap:deletable="false" sap:content-version="1"><End EntitySet="ObjItemSet" Role="FromRole_ObjItmAggrHierarchy"/><End EntitySet="AggrHierarchyResultSet" Role="ToRole_ObjItmAggrHierarchy"/></AssociationSet><AssociationSet Name="TrnAttribSet" Association="TrnAttrib" sap:creatable="false" sap:updatable="false" sap:deletable="false" sap:content-version="1"><End EntitySet="TransactionSet" Role="FromRole_TrnAttrib"/><End EntitySet="EntityAttributeSet" Role="ToRole_TrnAttrib"/></AssociationSet><AssociationSet Name="ContAttribSet" Association="ContAttrib" sap:creatable="false" sap:updatable="false" sap:deletable="false" sap:content-version="1"><End EntitySet="ContainerSet" Role="FromRole_ContAttrib"/><End EntitySet="EntityAttributeSet" Role="ToRole_ContAttrib"/></AssociationSet><AssociationSet Name="ObjItmEvt_AssocSet" Association="ObjItmEvt" sap:creatable="false" sap:updatable="false" sap:deletable="false" sap:content-version="1"><End EntitySet="ObjItemSet" Role="FromRole_ObjItmEvt"/><End EntitySet="EventSet" Role="ToRole_ObjItmEvt"/></AssociationSet><AssociationSet Name="LotRepEvtSet" Association="LotRepEvt" sap:creatable="false" sap:updatable="false" sap:deletable="false" sap:content-version="1"><End EntitySet="LotSet" Role="FromRole_LotRepEvt"/><End EntitySet="RepEventSet" Role="ToRole_LotRepEvt"/></AssociationSet><AssociationSet Name="TrnEvtSet" Association="TrnEvt" sap:creatable="false" sap:updatable="false" sap:deletable="false" sap:content-version="1"><End EntitySet="TransactionSet" Role="FromRole_TrnEvt"/><End EntitySet="EventSet" Role="ToRole_TrnEvt"/></AssociationSet><AssociationSet Name="TrnObjItmSet" Association="TrnObjItm" sap:creatable="false" sap:updatable="false" sap:deletable="false" sap:content-version="1"><End EntitySet="TransactionSet" Role="FromRole_TrnObjItm"/><End EntitySet="ObjItemSet" Role="ToRole_TrnObjItm"/></AssociationSet><AssociationSet Name="HierarchyNodeToParentSet" Association="HierarchyNodeToParent" sap:creatable="false" sap:updatable="false" sap:deletable="false" sap:content-version="1"><End EntitySet="HierarchyNodeSet" Role="FromRole_HierarchyNodeToParent"/><End EntitySet="HierarchyNodeSet" Role="ToRole_HierarchyNodeToParent"/></AssociationSet><AssociationSet Name="ContEvtSet" Association="ContEvt" sap:creatable="false" sap:updatable="false" sap:deletable="false" sap:content-version="1"><End EntitySet="ContainerSet" Role="FromRole_ContEvt"/><End EntitySet="EventSet" Role="ToRole_ContEvt"/></AssociationSet><AssociationSet Name="LotTrn_AssocSet" Association="LotTrn" sap:creatable="false" sap:updatable="false" sap:deletable="false" sap:content-version="1"><End EntitySet="LotSet" Role="FromRole_LotTrn"/><End EntitySet="TransactionSet" Role="ToRole_LotTrn"/></AssociationSet><AssociationSet Name="ObjItmLot_AssocSet" Association="ObjItmLot" sap:creatable="false" sap:updatable="false" sap:deletable="false" sap:content-version="1"><End EntitySet="ObjItemSet" Role="FromRole_ObjItmLot"/><End EntitySet="LotSet" Role="ToRole_ObjItmLot"/></AssociationSet><FunctionImport Name="GetHierarchyPath" ReturnType="Text" EntitySet="TextSet" m:HttpMethod="GET"><Parameter Name="Objid" Type="Edm.String" Mode="In"/></FunctionImport><FunctionImport Name="GetRepType" ReturnType="Text" EntitySet="TextSet" m:HttpMethod="GET"><Parameter Name="Id" Type="Edm.String" Mode="In"/></FunctionImport><FunctionImport Name="GetMapProvider" ReturnType="Text" EntitySet="TextSet" m:HttpMethod="GET"/><FunctionImport Name="GetRawMessage" ReturnType="Collection(Text)" EntitySet="TextSet" m:HttpMethod="GET"><Parameter Name="Switch" Type="Edm.String" Mode="In"/><Parameter Name="Id" Type="Edm.String" Mode="In"/></FunctionImport></EntityContainer><atom:link rel="self" href="https://ldcix3n.mo.sap.corp:44333/sap/opu/odata/sttp/ATT_COCKPIT_210_SRV/$metadata" xmlns:atom="http://www.w3.org/2005/Atom"/><atom:link rel="latest-version" href="https://ldcix3n.mo.sap.corp:44333/sap/opu/odata/sttp/ATT_COCKPIT_210_SRV/$metadata" xmlns:atom="http://www.w3.org/2005/Atom"/></Schema></edmx:DataServices></edmx:Edmx>