<!-- 

 Copyright (C) 2009-2019 SAP SE or an SAP affiliate company. All rights reserved.

 --> 
<core:FragmentDefinition xmlns:core="sap.ui.core" xmlns:l="sap.ui.layout" xmlns="sap.m" xmlns:fb="sap.ui.comp.filterbar"
	xmlns:app="http://schemas.sap.com/sapui5/extension/sap.ui.core.CustomData/1">
	<fb:FilterBar id="filterbar" search="com.sap.cd.sttp.zcockpit.delegate.shared.MasterFilterDelegate.onSearch" app:entitySet="/RepEventSet"
		class="marginInsideShellTransaction" showRestoreButton="false" showClearButton="true" showClearOnFB="true" filterBarExpanded="true"
		clear="com.sap.cd.sttp.zcockpit.delegate.shared.MasterFilterDelegate.onClear" persistencyKey="filterbarRepEvents">
		<fb:filterItems>
			<fb:FilterItem name="RuleType" label="{/#RepEvent/RuleType/@sap:label}" visibleInFilterBar="true">
				<fb:control>
					<Input name="RuleType" type="Text"
						placeholder="{parts:['i18n>ENTER_PLACEHOLDER', '/#RepEvent/RuleType/@sap:label'], formatter: 'jQuery.sap.formatMessage'}"
						showValueHelp="true" valueHelpRequest="com.sap.cd.sttp.zcockpit.delegate.shared.MasterFilterDelegate.handleValueHelpRequest"/>
				</fb:control>
			</fb:FilterItem>
			<fb:FilterItem name="StatusRepEvt" label="{/#RepEvent/StatusRepEvt/@sap:label}" visibleInFilterBar="true">
				<fb:control>
					<Select name="StatusRepEvt" items="{templateShareable: false, path:'fixedValues>/FixedValueSet/StatusRepEvt'}">
						<core:Item key="{fixedValues>Domvalue_l}" text="{fixedValues>Domvalue_l} - {fixedValues>Ddtext}"/>
					</Select>
				</fb:control>
			</fb:FilterItem>
			<fb:FilterItem name="CreationTime_From" label="{i18n>REPEVT_TIME_FROM}" visibleInFilterBar="true">
				<fb:control>
					<DateTimeInput value="{settings>/TodayBegin}" type="DateTime" valueFormat="yyyyMMddHHmmss" name="CreationTime_From" displayFormat="yyyy-MM-dd HH:mm"
						placeholder="{parts:['i18n>ENTER_PLACEHOLDER', 'i18n>REPEVT_TIME_FROM'], formatter: 'jQuery.sap.formatMessage'}"/>
				</fb:control>
			</fb:FilterItem>
			<fb:FilterItem name="CreationTime_To" label="{i18n>REPEVT_TIME_TO}" visibleInFilterBar="true">
				<fb:control>
					<DateTimeInput value="{settings>/TodayEnd}" type="DateTime" valueFormat="yyyyMMddHHmmss" name="CreationTime_To" displayFormat="yyyy-MM-dd HH:mm"
						placeholder="{parts:['i18n>ENTER_PLACEHOLDER', 'i18n>REPEVT_TIME_TO'], formatter: 'jQuery.sap.formatMessage'}"/>
				</fb:control>
			</fb:FilterItem>
			<fb:FilterItem name="NotifType" label="{/#RepEvent/NotifType/@sap:label}" visibleInFilterBar="false">
				<fb:control>
					<Input name="NotifType" type="Text"
						placeholder="{parts:['i18n>ENTER_PLACEHOLDER', '/#RepEvent/NotifType/@sap:label'], formatter: 'jQuery.sap.formatMessage'}"
						showValueHelp="true" valueHelpRequest="com.sap.cd.sttp.zcockpit.delegate.shared.MasterFilterDelegate.handleValueHelpRequest"/>
				</fb:control>
			</fb:FilterItem>
			<fb:FilterItem name="StatusResponse" label="{/#RepEvent/StatusResponse/@sap:label}" visibleInFilterBar="false">
				<fb:control>
					<Select name="StatusResponse" items="{templateShareable: false, path:'fixedValues>/FixedValueSet/StatusResponse'}">
						<core:Item key="{fixedValues>Domvalue_l}" text="{fixedValues>Domvalue_l} - {fixedValues>Ddtext}"/>
					</Select>
				</fb:control>
			</fb:FilterItem>
			<fb:FilterItem name="ResponsesOpen" label="{i18n>FILTER_ONLY_OPEN_RESPONSES}" visibleInFilterBar="false">
				<fb:control>
					<CheckBox name="ResponsesOpen"/>
				</fb:control>
			</fb:FilterItem>
			<fb:FilterItem name="SentTime_From" label="{i18n>REPEVT_SENTTIME_FROM}" visibleInFilterBar="false">
				<fb:control>
					<DateTimeInput type="DateTime" valueFormat="yyyyMMddHHmmss" name="SentTime_From" displayFormat="yyyy-MM-dd HH:mm"
						placeholder="{parts:['i18n>ENTER_PLACEHOLDER', 'i18n>REPEVT_SENTTIME_FROM'], formatter: 'jQuery.sap.formatMessage'}"/>
				</fb:control>
			</fb:FilterItem>
			<fb:FilterItem name="SentTime_To" label="{i18n>REPEVT_SENTTIME_TO}" visibleInFilterBar="false">
				<fb:control>
					<DateTimeInput type="DateTime" valueFormat="yyyyMMddHHmmss" name="SentTime_To" displayFormat="yyyy-MM-dd HH:mm"
						placeholder="{parts:['i18n>ENTER_PLACEHOLDER', 'i18n>REPEVT_SENTTIME_TO'], formatter: 'jQuery.sap.formatMessage'}"/>
				</fb:control>
			</fb:FilterItem>
			<fb:FilterItem name="MsguidOut" label="{/#RepEvent/MsguidOut/@sap:label}" visibleInFilterBar="false">
				<fb:control>
					<Input name="MsguidOut" type="Text"
						placeholder="{parts:['i18n>ENTER_PLACEHOLDER', '/#RepEvent/MsguidOut/@sap:label'], formatter: 'jQuery.sap.formatMessage'}"/>
				</fb:control>
			</fb:FilterItem>
			<fb:FilterItem name="WaitUserApprvl" label="{/#RepEvent/WaitUserApprvl/@sap:label}" visibleInFilterBar="false">
				<fb:control>
					<CheckBox name="WaitUserApprvl"/>
				</fb:control>
			</fb:FilterItem>
			<fb:FilterItem name="WaitBatchRel" label="{/#RepEvent/WaitBatchRel/@sap:label}" visibleInFilterBar="false">
				<fb:control>
					<CheckBox name="WaitBatchRel"/>
				</fb:control>
			</fb:FilterItem>
			<fb:FilterItem name="BatchNo" label="{/#RepEvent/BatchNo/@sap:label}" visibleInFilterBar="false">
				<fb:control>
					<Input name="BatchNo" type="Text"
						placeholder="{parts:['i18n>ENTER_PLACEHOLDER', '/#RepEvent/BatchNo/@sap:label'], formatter: 'jQuery.sap.formatMessage'}"/>
				</fb:control>
			</fb:FilterItem>
			<fb:FilterItem name="ApprovedBy" label="{/#RepEvent/ApprovedBy/@sap:label}" visibleInFilterBar="false">
				<fb:control>
					<Input name="ApprovedBy" app:fragment="User" type="Text"
						placeholder="{parts:['i18n>ENTER_PLACEHOLDER', '/#RepEvent/ApprovedBy/@sap:label'], formatter: 'jQuery.sap.formatMessage'}"
						showValueHelp="true" valueHelpRequest="com.sap.cd.sttp.zcockpit.delegate.shared.MasterFilterDelegate.handleValueHelpRequest"/>
				</fb:control>
			</fb:FilterItem>

			
		</fb:filterItems>
	</fb:FilterBar>
</core:FragmentDefinition>