<!-- 

 Copyright (C) 2009-2019 SAP SE or an SAP affiliate company. All rights reserved.

 --> 
<core:FragmentDefinition xmlns:core="sap.ui.core" xmlns="sap.m" xmlns:table="sap.ui.table">
	<table:Table id="masterTable" visibleRowCountMode="Auto" selectionMode="Single" selectionBehavior="RowOnly" editable="false"
		class="attTable attMasterTable" rowHeight="26" noData="{i18n>MASTER_TABLE_NO_DATA}">
		<table:toolbar>
			<Toolbar>
				<Label text="{i18n>REPEVENTLIST_HEADER}"></Label>
				<ToolbarSpacer></ToolbarSpacer>
				<Button type="Transparent" id="persButton" icon="sap-icon://action-settings" tooltip="{i18n>OBJLIST_PERSONALIZE_BUTTON}"/>
				<Button type="Transparent" icon="sap-icon://excel-attachment" press="com.sap.cd.sttp.zcockpit.delegate.shared.ExportDelegate.exportDataFromTable"
					tooltip="{i18n>OBJLIST_EXPORT_BUTTON}"/>
			</Toolbar>
		</table:toolbar>
		<table:columns>
			<table:Column width="auto" visible="true" sortProperty="CreationTime" id="CreationTime">
				<Label text="{/#RepEvent/CreationTime/@sap:label}" tooltip="{/#RepEvent/CreationTime/@sap:label}"/>
				<table:template>
					<Link text="{path: 'CreationTime', type: 'sap.ui.model.type.DateTime', formatOptions: { UTC:false, pattern: 'yyyy-MM-dd HH:mm:ss'}}"
						tooltip="{path: 'CreationTime', type: 'sap.ui.model.type.DateTime', formatOptions: { UTC:false, pattern: 'yyyy-MM-dd HH:mm:ss'}}"
						press="com.sap.cd.sttp.zcockpit.delegate.shared.CrossNavigationDelegate.navToRepEvent"/>
				</table:template>
			</table:Column>
			<table:Column width="auto" sortProperty="RuleType" id="RuleType">
				<Label text="{/#RepEvent/RuleType/@sap:label}" tooltip="{/#RepEvent/RuleType/@sap:label}"></Label>
				<table:template>
					<Text wrapping="false" text="{RuleType}" tooltip="{RuleType}"></Text>
				</table:template>
			</table:Column>
			<table:Column width="auto" sortProperty="NotifType" id="NotifTypeDescr">
				<Label text="{/#RepEvent/NotifTypeDescr/@sap:label}" tooltip="{/#RepEvent/NotifTypeDescr/@sap:label}"></Label>
				<table:template>
					<Text wrapping="false" text="{NotifTypeDescr}" tooltip="{NotifTypeDescr}"></Text>
				</table:template>
			</table:Column>
			<table:Column width="auto" sortProperty="StatusRepEvt" id="StatusRepEvt">
				<Label text="{/#RepEvent/StatusRepEvt/@sap:label}" tooltip="{/#RepEvent/StatusRepEvt/@sap:label}"></Label>
				<table:template>
					<Text wrapping="false" text="{path: 'StatusRepEvt', formatter: 'com.sap.cd.sttp.zcockpit.model.formatter.FixedValueFormatter.FixedValueStatusRepEvt'}"
					tooltip="{path: 'StatusRepEvt', formatter: 'com.sap.cd.sttp.zcockpit.model.formatter.FixedValueFormatter.FixedValueStatusRepEvt'}"></Text>
				</table:template>
			</table:Column>
			<table:Column width="auto" sortProperty="WaitBatchRel" id="WaitBatchRel">
				<Label text="{/#RepEvent/WaitBatchRel/@sap:label}" tooltip="{/#RepEvent/WaitBatchRel/@sap:label}"></Label>
				<table:template>
					<core:Icon src="{path: 'WaitBatchRel',  formatter: 'com.sap.cd.sttp.zcockpit.model.formatter.GeneralFormatter.IndicatorIcon'}" />
				</table:template>
			</table:Column>
			<table:Column width="auto" sortProperty="WaitUserApprvl" id="WaitUserApprvl">
				<Label text="{/#RepEvent/WaitUserApprvl/@sap:label}" tooltip="{/#RepEvent/WaitUserApprvl/@sap:label}"></Label>
				<table:template>
					<core:Icon src="{path: 'WaitUserApprvl',  formatter: 'com.sap.cd.sttp.zcockpit.model.formatter.GeneralFormatter.IndicatorIcon'}" />
				</table:template>
			</table:Column>
			<table:Column width="auto" sortProperty="ApprovedBy" id="ApprovedBy">
				<Label text="{/#RepEvent/ApprovedBy/@sap:label}" tooltip="{/#RepEvent/ApprovedBy/@sap:label}"></Label>
				<table:template>
					<Text wrapping="false" text="{ApprovedBy}" tooltip="{ApprovedBy}"></Text>
				</table:template>
			</table:Column>
			<table:Column width="auto" sortProperty="AprvTime" id="AprvTime">
				<Label text="{/#RepEvent/AprvTime/@sap:label}" tooltip="{/#RepEvent/AprvTime/@sap:label}"></Label>
				<table:template>
					<Text wrapping="false" text="{path: 'AprvTime', type: 'sap.ui.model.type.DateTime', formatOptions: { pattern: 'yyyy-MM-dd HH:mm:ss',UTC:false}}"
					tooltip="{path: 'AprvTime', type: 'sap.ui.model.type.DateTime', formatOptions: { pattern: 'yyyy-MM-dd HH:mm:ss',UTC:false}}"></Text>
				</table:template>
			</table:Column>
			<table:Column width="auto" sortProperty="SentTime" id="SentTime">
				<Label text="{/#RepEvent/SentTime/@sap:label}" tooltip="{/#RepEvent/SentTime/@sap:label}"></Label>
				<table:template>
					<Text wrapping="false" text="{path: 'SentTime', type: 'sap.ui.model.type.DateTime', formatOptions: { pattern: 'yyyy-MM-dd HH:mm:ss',UTC:false}}"
					tooltip="{path: 'SentTime', type: 'sap.ui.model.type.DateTime', formatOptions: { pattern: 'yyyy-MM-dd HH:mm:ss',UTC:false}}"></Text>
				</table:template>
			</table:Column>
			<table:Column width="auto" visible="false" sortProperty="BatchNo" id="BatchNo">
				<Label text="{/#RepEvent/BatchNo/@sap:label}" tooltip="{/#RepEvent/BatchNo/@sap:label}"></Label>
				<table:template>
					<Text wrapping="false" text="{BatchNo}" tooltip="{BatchNo}"></Text>
				</table:template>
			</table:Column>
			<table:Column width="auto" visible="false" sortProperty="BatchStatus" id="BatchStatus">
				<Label text="{/#RepEvent/BatchStatus/@sap:label}" tooltip="{/#RepEvent/BatchStatus/@sap:label}"></Label>
				<table:template>
					<Text wrapping="false" text="{path: 'BatchStatus', formatter: 'com.sap.cd.sttp.zcockpit.model.formatter.FixedValueFormatter.FixedValueDisposition'}"
					tooltip="{path: 'BatchStatus', formatter: 'com.sap.cd.sttp.zcockpit.model.formatter.FixedValueFormatter.FixedValueDisposition'}"></Text>
				</table:template>
			</table:Column>
			<table:Column width="auto" visible="false" sortProperty="CtrGrp" id="CtrGrp">
				<Label text="{/#RepEvent/CtrGrp/@sap:label}" tooltip="{/#RepEvent/CtrGrp/@sap:label}"></Label>
				<table:template>
					<Text wrapping="false" text="{CtrGrp}" tooltip="{CtrGrp}"></Text>
				</table:template>
			</table:Column>
			<table:Column width="auto" visible="false" sortProperty="Bupid" id="Bupno">
				<Label text="{/#RepEvent/Bupno/@sap:label}" tooltip="{/#RepEvent/Bupno/@sap:label}"></Label>
				<table:template>
					<Text wrapping="false" text="{Bupno}" tooltip="{Bupno}"></Text>
				</table:template>
			</table:Column>
			<table:Column width="auto" visible="false" sortProperty="Bupid" id="Bupname">
				<Label text="{/#RepEvent/Bupname/@sap:label}" tooltip="{/#RepEvent/Bupname/@sap:label}"></Label>
				<table:template>
					<Text wrapping="false" text="{Bupname}" tooltip="{Bupname}"></Text>
				</table:template>
			</table:Column>
			<table:Column width="auto" visible="false" sortProperty="NotifType" id="NotifType">
				<Label text="{/#RepEvent/NotifType/@sap:label}" tooltip="{/#RepEvent/NotifType/@sap:label}"></Label>
				<table:template>
					<Text wrapping="false" text="{NotifType}" tooltip="{NotifType}"></Text>
				</table:template>
			</table:Column>
			<table:Column width="auto" visible="false" sortProperty="StatusResponse" id="StatusResponse">
				<Label text="{/#RepEvent/StatusResponse/@sap:label}" tooltip="{/#RepEvent/StatusResponse/@sap:label}"></Label>
				<table:template>
					<Text wrapping="false" text="{path: 'StatusResponse', formatter: 'com.sap.cd.sttp.zcockpit.model.formatter.FixedValueFormatter.FixedValueStatusResponse'}"
					 tooltip="{path: 'StatusResponse', formatter: 'com.sap.cd.sttp.zcockpit.model.formatter.FixedValueFormatter.FixedValueStatusResponse'}"></Text>
				</table:template>
			</table:Column>
			<table:Column width="auto" visible="false" sortProperty="GtinBatch" id="GtinBatch">
				<Label text="{/#RepEvent/GtinBatch/@sap:label}" tooltip="{/#RepEvent/GtinBatch/@sap:label}"></Label>
				<table:template>
					<Text wrapping="false" text="{GtinBatch}" tooltip="{GtinBatch}"></Text>
				</table:template>
			</table:Column>
			<table:Column width="auto" visible="false" sortProperty="Gln" id="Gln">
				<Label text="{/#RepEvent/Gln/@sap:label}" tooltip="{/#RepEvent/Gln/@sap:label}"></Label>
				<table:template>
					<Text wrapping="false" text="{Gln}" tooltip="{Gln}"></Text>
				</table:template>
			</table:Column>
			<table:Column width="auto" visible="false" sortProperty="ExtRefId" id="ExtRefId">
				<Label text="{/#RepEvent/ExtRefId/@sap:label}" tooltip="{/#RepEvent/ExtRefId/@sap:label}"></Label>
				<table:template>
					<Text wrapping="false" text="{ExtRefId}" tooltip="{ExtRefId}"></Text>
				</table:template>
			</table:Column>
			<table:Column width="auto" visible="false" sortProperty="CreationUser" id="CreationUser">
				<Label text="{/#RepEvent/CreationUser/@sap:label}" tooltip="{/#RepEvent/CreationUser/@sap:label}"></Label>
				<table:template>
					<Text wrapping="false" text="{CreationUser}" tooltip="{CreationUser}"></Text>
				</table:template>
			</table:Column>
			<table:Column width="auto" visible="false" sortProperty="ModifiedUser" id="ModifiedUser">
				<Label text="{/#RepEvent/ModifiedUser/@sap:label}" tooltip="{/#RepEvent/ModifiedUser/@sap:label}"></Label>
				<table:template>
					<Text wrapping="false" text="{ModifiedUser}" tooltip="{ModifiedUser}"></Text>
				</table:template>
			</table:Column>
			<table:Column width="auto" visible="false" sortProperty="RuleType" id="RuleTypeDescr">
				<Label text="{/#RepEvent/RuleTypeDescr/@sap:label}" tooltip="{/#RepEvent/RuleTypeDescr/@sap:label}"></Label>
				<table:template>
					<Text wrapping="false" text="{RuleTypeDescr}" tooltip="{RuleTypeDescr}"></Text>
				</table:template>
			</table:Column>
			<table:Column width="auto" visible="false" sortProperty="CtrGrp" id="CtrGrpDescr">
				<Label text="{/#RepEvent/CtrGrpDescr/@sap:label}" tooltip="{/#RepEvent/CtrGrpDescr/@sap:label}"></Label>
				<table:template>
					<Text wrapping="false" text="{CtrGrpDescr}" tooltip="{CtrGrpDescr}"></Text>
				</table:template>
			</table:Column>
			<table:Column width="auto" visible="false" sortProperty="Storage" id="Storage">
				<Label text="{/#RepEvent/Storage/@sap:label}" tooltip="{/#RepEvent/Storage/@sap:label}"></Label>
				<table:template>
					<Text wrapping="false" text="{Storage}" tooltip="{Storage}"></Text>
				</table:template>
			</table:Column>
			<table:Column width="auto" visible="false" sortProperty="ResponsesExpected" id="ResponsesExpected">
				<Label text="{/#RepEvent/ResponsesExpected/@sap:label}" tooltip="{/#RepEvent/ResponsesExpected/@sap:label}"></Label>
				<table:template>
					<Text wrapping="false" text="{ResponsesExpected}"></Text>
				</table:template>
			</table:Column>
			<table:Column width="auto" visible="false" sortProperty="ResponsesOpen" id="ResponsesOpen">
				<Label text="{/#RepEvent/ResponsesOpen/@sap:label}" tooltip="{/#RepEvent/ResponsesOpen/@sap:label}"></Label>
				<table:template>
					<Text wrapping="false" text="{ResponsesOpen}"></Text>
				</table:template>
			</table:Column>
			<table:Column width="auto" visible="false" sortProperty="ModifiedTime" id="ModifiedTime">
				<Label text="{/#RepEvent/ModifiedTime/@sap:label}" tooltip="{/#RepEvent/ModifiedTime/@sap:label}"/>
				<table:template>
					<Text wrapping="false" text="{path: 'ModifiedTime', type: 'sap.ui.model.type.DateTime', formatOptions: { UTC:false, pattern: 'yyyy-MM-dd HH:mm:ss'}}"
						tooltip="{path: 'ModifiedTime', type: 'sap.ui.model.type.DateTime', formatOptions: { UTC:false, pattern: 'yyyy-MM-dd HH:mm:ss'}}"/>
				</table:template>
			</table:Column>
			<core:Fragment fragmentName="com.sap.cd.sttp.zcockpit.extp.REPEVENT_MASTER_TABLE_COL" type="XML"/>
		</table:columns>
	</table:Table>
</core:FragmentDefinition>