<!-- 

 Copyright (C) 2009-2019 SAP SE or an SAP affiliate company. All rights reserved.

 --> 
<core:FragmentDefinition  xmlns:core="sap.ui.core" xmlns="sap.m" xmlns:viz="sap.viz.ui5.controls" xmlns:viz.data="sap.viz.ui5.data"
	xmlns:viz.feeds="sap.viz.ui5.controls.common.feeds">
        <viz:VizFrame id="idVizFrameEU" uiConfig="{applicationSet:'fiori'}" height="100%" width="100%" vizType='timeseries_stacked_column'
            vizProperties="{ plotArea: { dataLabel : { visible: true } }, valueAxis: { label: { visible: false } } }">
            <viz:dataset>
                <viz.data:FlattenedDataset>
                    <viz.data:dimensions>
                        <viz.data:DimensionDefinition name="Day" value="{CreationDay}" dataType="date"/>
                    </viz.data:dimensions>
                    <viz.data:measures>
                        <viz.data:MeasureDefinition identity="CountEUNoResp" name="{/#Z_STTP_ATT_COCKPIT_ANALYTICS_SRV.RepEvent/CountEUNoResp/@sap:label}" value="{CountEUNoResp}"/>        
                        <viz.data:MeasureDefinition identity="CountEU01" name="{/#Z_STTP_ATT_COCKPIT_ANALYTICS_SRV.RepEvent/CountEU01/@sap:label}" value="{CountEU01}"/> 
                        <viz.data:MeasureDefinition identity="CountEU02" name="{/#Z_STTP_ATT_COCKPIT_ANALYTICS_SRV.RepEvent/CountEU02/@sap:label}" value="{CountEU02}"/>   
                        <viz.data:MeasureDefinition identity="CountEU20" name="{/#Z_STTP_ATT_COCKPIT_ANALYTICS_SRV.RepEvent/CountEU20/@sap:label}" value="{CountEU20}"/>   
                        <viz.data:MeasureDefinition identity="CountEU21" name="{/#Z_STTP_ATT_COCKPIT_ANALYTICS_SRV.RepEvent/CountEU21/@sap:label}" value="{CountEU21}"/>   
                        <viz.data:MeasureDefinition identity="CountEU31" name="{/#Z_STTP_ATT_COCKPIT_ANALYTICS_SRV.RepEvent/CountEU31/@sap:label}" value="{CountEU31}"/>    
                        <viz.data:MeasureDefinition identity="CountEU32" name="{/#Z_STTP_ATT_COCKPIT_ANALYTICS_SRV.RepEvent/CountEU32/@sap:label}" value="{CountEU32}"/>
                        <viz.data:MeasureDefinition identity="CountEU33" name="{/#Z_STTP_ATT_COCKPIT_ANALYTICS_SRV.RepEvent/CountEU33/@sap:label}" value="{CountEU33}"/>
                        <viz.data:MeasureDefinition identity="CountEU40" name="{/#Z_STTP_ATT_COCKPIT_ANALYTICS_SRV.RepEvent/CountEU40/@sap:label}" value="{CountEU40}"/>
                        <viz.data:MeasureDefinition identity="CountEU41" name="{/#Z_STTP_ATT_COCKPIT_ANALYTICS_SRV.RepEvent/CountEU41/@sap:label}" value="{CountEU41}"/>
                        <viz.data:MeasureDefinition identity="CountEU42" name="{/#Z_STTP_ATT_COCKPIT_ANALYTICS_SRV.RepEvent/CountEU42/@sap:label}" value="{CountEU42}"/>
                    </viz.data:measures>
                </viz.data:FlattenedDataset>
            </viz:dataset>
            <viz:feeds>
                <viz.feeds:FeedItem uid="timeAxis" type="Dimension" values="Day" interval="{ unit : '' }"/>
                <viz.feeds:FeedItem uid="valueAxis" type="Measure" values="CountEUNoResp,CountEU01,CountEU02,CountEU20,CountEU21,CountEU31,CountEU32,CountEU33,CountEU40,CountEU41,CountEU42"/>
            </viz:feeds>
        </viz:VizFrame>
</core:FragmentDefinition>