<!-- 

 Copyright (C) 2009-2019 SAP SE or an SAP affiliate company. All rights reserved.

 --> 
<core:FragmentDefinition  xmlns:core="sap.ui.core" xmlns="sap.m" xmlns:viz="sap.viz.ui5.controls" xmlns:viz.data="sap.viz.ui5.data"
	xmlns:viz.feeds="sap.viz.ui5.controls.common.feeds">
		<viz:Popover id="idPopOver"></viz:Popover>
        <viz:VizFrame id="idVizFrame" uiConfig="{applicationSet:'fiori'}" height="100%" width="100%" vizType='timeseries_stacked_column'
            vizProperties="{ plotArea: { dataLabel : { visible: true } }, valueAxis: { label: { visible: false } } }">
            <viz:dataset>
                <viz.data:FlattenedDataset>
                    <viz.data:dimensions>
                        <viz.data:DimensionDefinition name="Day" value="{CreationDay}" dataType="date"/>
                    </viz.data:dimensions>
                    <viz.data:measures>
                        <viz.data:MeasureDefinition identity="Count1" name="{/#Z_STTP_ATT_COCKPIT_ANALYTICS_SRV.RepEvent/Count1/@sap:label}" value="{Count1}"/>        
                        <viz.data:MeasureDefinition identity="Count2" name="{/#Z_STTP_ATT_COCKPIT_ANALYTICS_SRV.RepEvent/Count2/@sap:label}" value="{Count2}"/> 
                        <viz.data:MeasureDefinition identity="Count3" name="{/#Z_STTP_ATT_COCKPIT_ANALYTICS_SRV.RepEvent/Count3/@sap:label}" value="{Count3}"/>   
                        <viz.data:MeasureDefinition identity="Count4" name="{/#Z_STTP_ATT_COCKPIT_ANALYTICS_SRV.RepEvent/Count4/@sap:label}" value="{Count4}"/>   
                        <viz.data:MeasureDefinition identity="Count5" name="{/#Z_STTP_ATT_COCKPIT_ANALYTICS_SRV.RepEvent/Count5/@sap:label}" value="{Count5}"/>   
                        <viz.data:MeasureDefinition identity="Count6" name="{/#Z_STTP_ATT_COCKPIT_ANALYTICS_SRV.RepEvent/Count6/@sap:label}" value="{Count6}"/>    
                        <viz.data:MeasureDefinition identity="Count7" name="{/#Z_STTP_ATT_COCKPIT_ANALYTICS_SRV.RepEvent/Count7/@sap:label}" value="{Count7}"/>
                    </viz.data:measures>
                </viz.data:FlattenedDataset>
            </viz:dataset>
            <viz:feeds>
                <viz.feeds:FeedItem uid="timeAxis" type="Dimension" values="Day" interval="{ unit : '' }"/>
                <viz.feeds:FeedItem uid="valueAxis" type="Measure" values="Count1,Count2,Count3,Count4,Count5,Count6,Count7"/>
            </viz:feeds>
        </viz:VizFrame>
</core:FragmentDefinition>