<!-- 

 Copyright (C) 2009-2019 SAP SE or an SAP affiliate company. All rights reserved.

 --> 
<core:FragmentDefinition  xmlns:core="sap.ui.core" xmlns="sap.m" xmlns:viz="sap.viz.ui5.controls" xmlns:viz.data="sap.viz.ui5.data"
	xmlns:viz.feeds="sap.viz.ui5.controls.common.feeds">
        <viz:VizFrame id="idVizFrameDonut" uiConfig="{applicationSet:'fiori'}" height="100%" width="100%" vizType='donut'
            vizProperties="{ plotArea: { dataLabel : { visible: true } } }">
            <viz:dataset>
                <viz.data:FlattenedDataset>
                    <viz.data:dimensions>
                        <viz.data:DimensionDefinition name="Status Name" value="{path: 'StatusRepEvt', formatter: 'com.sap.cd.sttp.zcockpit.model.formatter.FixedValueFormatter.FixedValueStatusRepEvt'}"/>
                    </viz.data:dimensions>
                    <viz.data:measures>
                        <viz.data:MeasureDefinition name="Count1" value="{Count1}"/>
                    </viz.data:measures>
                </viz.data:FlattenedDataset>
            </viz:dataset>
            <viz:feeds>
                <viz.feeds:FeedItem uid="size" type="Measure" values="Count1"/>
                <viz.feeds:FeedItem uid="color" type="Dimension" values="Status Name"/>
            </viz:feeds>
        </viz:VizFrame>
</core:FragmentDefinition>