<!-- 

 Copyright (C) 2009-2019 SAP SE or an SAP affiliate company. All rights reserved.

 --> 
<core:FragmentDefinition xmlns:core="sap.ui.core" xmlns:l="sap.ui.layout" xmlns="sap.m">
	<Table id="genValTable" inset="false" width="auto" growing="false" class="marginInsideShellContainer sapUiSizeCompact sapUiMediumMarginBegin sapUiMediumMarginEnd" mode="None" items="{GenVal}">
		<columns>			
			<Column minScreenWidth="Large" demandPopin="true">
				<Label text="{i18n>GEN_PROP_NAME}"/>
			</Column>
			<Column minScreenWidth="Large" demandPopin="true">
				<Label text="{i18n>GEN_PROP_VALUE}"/>
			</Column>
		</columns>
		<ColumnListItem type="Active">
			<cells>				
				<Text text="{Id}"/>
				<Text text="{TextValue}"/>
			</cells>
		</ColumnListItem>
	</Table>
</core:FragmentDefinition>