<!-- 

 Copyright (C) 2009-2019 SAP SE or an SAP affiliate company. All rights reserved.

 --> 
<core:FragmentDefinition xmlns:core="sap.ui.core" xmlns:l="sap.ui.layout" xmlns:f="sap.ui.layout.form" xmlns="sap.m">
	<f:SimpleForm minWidth="1024" maxContainerCols="3" editable="false" layout="ResponsiveGridLayout" columnsL="3" columnsM="3">
		<core:Title text="{i18n>OBJ_ATTR_GENERAL_HEADER}"/>
		<Label text="{/#ObjItem/Gs1EsB/@sap:label}" tooltip="{/#ObjItem/Gs1EsB/@sap:label}"/>
		<Text text="{Gs1EsB}"/>
		<Label text="{/#ObjItem/Gtin/@sap:label}" tooltip="{/#ObjItem/Gtin/@sap:label}"/>
		<Text text="{Gtin}"/>
		<Label text="{/#ObjItem/Descr/@sap:label}" tooltip="{/#ObjItem/Descr/@sap:label}"/>
		<Text text="{Descr}"/>
		<Label text="{/#ObjItem/Serno/@sap:label}" tooltip="{/#ObjItem/Serno/@sap:label}"/>
		<Text text="{Serno}"/>
		<Label text="{/#ObjItem/StatusObj/@sap:label}" tooltip="{/#ObjItem/StatusObj/@sap:label}"/>
		<Text text="{path: 'StatusObj', formatter: 'com.sap.cd.sttp.zcockpit.model.formatter.FixedValueFormatter.FixedValueStatusObj'}"/>
		<Label text="{/#ObjItem/StatusStock/@sap:label}" tooltip="{/#ObjItem/StatusStock/@sap:label}"/>
		<Text text="{path: 'StatusStock', formatter: 'com.sap.cd.sttp.zcockpit.model.formatter.FixedValueFormatter.FixedValueStatusStock'}"/>
		<Label text="{/#ObjItem/StatusPack/@sap:label}" tooltip="{/#ObjItem/StatusPack/@sap:label}"/>
		<Text text="{path: 'StatusPack', formatter: 'com.sap.cd.sttp.zcockpit.model.formatter.FixedValueFormatter.FixedValueStatusPack'}"/>
		<Label text="{/#ObjItem/Disposition/@sap:label}" tooltip="{/#ObjItem/Disposition/@sap:label}"/>
		<Text text="{path: 'Disposition', formatter: 'com.sap.cd.sttp.zcockpit.model.formatter.FixedValueFormatter.FixedValueDisposition'}"/>
		<core:Title text="{i18n>OBJ_ATTR_LOC_HEADER}"/>
		<Label text="{/#ObjItem/Gln/@sap:label}" tooltip="{/#ObjItem/Gln/@sap:label}"/>
		<Text text="{Gln}"/>
		<Label text="{/#ObjItem/GlnExt/@sap:label}" tooltip="{/#ObjItem/GlnExt/@sap:label}"/>
		<Text text="{GlnExt}"/>
		<Label text="{/#ObjItem/Locno/@sap:label}" tooltip="{/#ObjItem/Locno/@sap:label}"/>
		<Text text="{Locno}"/>
		<Label text="{/#ObjItem/LocDescr/@sap:label}" tooltip="{/#ObjItem/LocDescr/@sap:label}"/>
		<Text text="{LocDescr}"/>
		<Label text="{/#ObjItem/EpcIdUriLoc/@sap:label}" tooltip="{/#ObjItem/EpcIdUriLoc/@sap:label}"/>
		<Text text="{path:'EpcIdUriLoc'}"/>
		<core:Title text="{i18n>OBJ_ATTR_LOT_HEADER}"/>
		<Label text="{/#ObjItem/Lotno/@sap:label}" tooltip="{/#ObjItem/Lotno/@sap:label}"/>
		<Link text="{Lotno}" press="com.sap.cd.sttp.zcockpit.delegate.shared.CrossNavigationDelegate.navFromObjectToLot"/>
		<Label text="{/#Lot/StatusObj/@sap:label}" tooltip="{/#Lot/StatusObj/@sap:label}"/>
		<Text binding="{Lot}" text="{path: 'StatusObj', formatter: 'com.sap.cd.sttp.zcockpit.model.formatter.FixedValueFormatter.FixedValueStatusObj'}"/>
		<Label text="{/#Lot/Datex/@sap:label}" tooltip="{/#Lot/Datex/@sap:label}"/>
		<Text binding="{Lot}" text="{path: 'Datex', type: 'sap.ui.model.type.DateTime', formatOptions: { pattern: 'yyyy-MM-dd', UTC: true }}"/>
		<Label text="{/#Lot/Datmf/@sap:label}" tooltip="{/#Lot/Datmf/@sap:label}"/>
		<Text binding="{Lot}" text="{path: 'Datmf', type: 'sap.ui.model.type.DateTime', formatOptions: { pattern: 'yyyy-MM-dd', UTC: true }}"/>
	</f:SimpleForm>
</core:FragmentDefinition>