<!-- 

 Copyright (C) 2009-2019 SAP SE or an SAP affiliate company. All rights reserved.

 --> 
<core:FragmentDefinition xmlns:core="sap.ui.core" xmlns:l="sap.ui.layout" xmlns="sap.m" xmlns:uxap="sap.uxap">
	<l:VerticalLayout>
		<l:layoutData>
			<uxap:ObjectPageHeaderLayoutData/>
		</l:layoutData>
		<ObjectStatus title="{/#ObjItem/EpcIdUri/@sap:label}" text="{EpcIdUri}" state="None"/>
		<ObjectStatus title="{/#ObjItem/Gtin/@sap:label}" text="{Gtin}"/>
		<ObjectStatus title="{/#ObjItem/Descr/@sap:label}" text="{Descr}"/>
		<ObjectStatus title="{/#ObjItem/Serno/@sap:label}" text="{Serno}"/>
	</l:VerticalLayout>

	<l:VerticalLayout>
		<l:layoutData>
			<uxap:ObjectPageHeaderLayoutData/>
		</l:layoutData>
		<ObjectStatus title="{/#ObjItem/Gln/@sap:label}" text="{Gln} / {GlnExt}"/>
		<ObjectStatus title="{/#ObjItem/Locno/@sap:label}" text="{Locno}"/>
		<ObjectStatus title="{/#ObjItem/LocDescr/@sap:label}" text="{LocDescr}"/>
		<ObjectStatus title="{/#ObjItem/EpcIdUriLoc/@sap:label}" text="{EpcIdUriLoc}"/>	
	</l:VerticalLayout>

	<l:VerticalLayout>
		<l:layoutData>
			<uxap:ObjectPageHeaderLayoutData showSeparatorAfter="true"/>
		</l:layoutData>
		<ObjectStatus title="{/#ObjItem/StatusObj/@sap:label}" text="{path: 'StatusObj', formatter: 'com.sap.cd.sttp.zcockpit.model.formatter.FixedValueFormatter.FixedValueStatusObj'}"/>
		<ObjectStatus title="{/#ObjItem/StatusStock/@sap:label}" text="{path: 'StatusStock', formatter: 'com.sap.cd.sttp.zcockpit.model.formatter.FixedValueFormatter.FixedValueStatusStock'}"/>
		<ObjectStatus title="{/#ObjItem/StatusPack/@sap:label}" text="{path: 'StatusPack', formatter: 'com.sap.cd.sttp.zcockpit.model.formatter.FixedValueFormatter.FixedValueStatusPack'}"/>
		<ObjectStatus title="{/#ObjItem/Disposition/@sap:label}" text="{path: 'Disposition', formatter: 'com.sap.cd.sttp.zcockpit.model.formatter.FixedValueFormatter.FixedValueDisposition'}"/>
	</l:VerticalLayout>	

	<l:VerticalLayout>
		<l:layoutData>
			<uxap:ObjectPageHeaderLayoutData/>
		</l:layoutData>
		<ObjectAttribute title="{/#Lot/Lotno/@sap:label}" text="{Lotno}" active="true" press="com.sap.cd.sttp.zcockpit.delegate.shared.CrossNavigationDelegate.navFromObjectToLot"/>
		<ObjectStatus title="{/#Lot/StatusObj/@sap:label}" binding="{Lot}" text="{path: 'StatusObj', formatter: 'com.sap.cd.sttp.zcockpit.model.formatter.FixedValueFormatter.FixedValueStatusObj'}"/>
		<ObjectStatus title="{/#Lot/Datex/@sap:label}" binding="{Lot}" text="{path: 'Datex', type: 'sap.ui.model.type.DateTime', formatOptions: { pattern: 'yyyy-MM-dd', UTC: true }}"/>
		<ObjectStatus title="{/#Lot/Datmf/@sap:label}" binding="{Lot}" text="{path: 'Datmf', type: 'sap.ui.model.type.DateTime', formatOptions: { pattern: 'yyyy-MM-dd', UTC: true }}"/>
	</l:VerticalLayout>	
</core:FragmentDefinition>