<!-- 

 Copyright (C) 2009-2019 SAP SE or an SAP affiliate company. All rights reserved.

 --> 
<core:FragmentDefinition xmlns:core="sap.ui.core" xmlns:l="sap.ui.layout" xmlns="sap.m" xmlns:uxap="sap.uxap">
	<l:VerticalLayout>
		<l:layoutData>
			<uxap:ObjectPageHeaderLayoutData/>
		</l:layoutData>
		<ObjectStatus title="{/#Event/Evttype/@sap:label}" text="{path: 'Evttype', formatter: 'com.sap.cd.sttp.zcockpit.model.formatter.FixedValueFormatter.FixedValueEvttype'}"/>
		<ObjectStatus title="{/#Event/Evtaction/@sap:label}" text="{Evtaction}"/>
		<ObjectStatus title="{/#Event/Bizstep/@sap:label}" text="{path: 'Bizstep', formatter: 'com.sap.cd.sttp.zcockpit.model.formatter.FixedValueFormatter.FixedValueBizstep'}"/>
		<ObjectStatus title="{/#Event/Disposition/@sap:label}" text="{path: 'Disposition', formatter: 'com.sap.cd.sttp.zcockpit.model.formatter.FixedValueFormatter.FixedValueDisposition'}"/>
		<ObjectAttribute text="{i18n>SHOW_FILE}" active="true" press="com.sap.cd.sttp.zcockpit.delegate.shared.MessageFileDelegate.onShowEPCISMessageFilePress"/>
	</l:VerticalLayout>

	<l:VerticalLayout>
		<l:layoutData>
			<uxap:ObjectPageHeaderLayoutData/>
		</l:layoutData>
		<ObjectStatus title="{/#Event/BizlocGln/@sap:label}" text="{BizlocGln} / {BizlocGlnExt}"/>
		<ObjectStatus title="{/#Event/BizlocEpcIdUri/@sap:label}" text="{BizlocEpcIdUri}"/>
		<ObjectStatus title="{/#Event/BizlocLocno/@sap:label}" text="{BizlocLocno}"/>
		<ObjectStatus title="{/#Event/BizlocLocDescr/@sap:label}" text="{BizlocLocDescr}"/>	
		<ObjectStatus title="{/#Event/BizlocLocType/@sap:label}" text="{path: 'BizlocLocType', formatter: 'com.sap.cd.sttp.zcockpit.model.formatter.FixedValueFormatter.FixedValueLocType'}"/>	
	</l:VerticalLayout>

	<l:VerticalLayout>
		<l:layoutData>
			<uxap:ObjectPageHeaderLayoutData/>
		</l:layoutData>
		<ObjectStatus title="{/#Event/ReadpntGln/@sap:label}" text="{ReadpntGln} / {ReadpntGlnExt}"/>
		<ObjectStatus title="{/#Event/ReadpntEpcIdUri/@sap:label}" text="{ReadpntEpcIdUri}"/>
		<ObjectStatus title="{/#Event/ReadpntLocno/@sap:label}" text="{ReadpntLocno}"/>
		<ObjectStatus title="{/#Event/ReadpntLocDescr/@sap:label}" text="{ReadpntLocDescr}"/>	
		<ObjectStatus title="{/#Event/ReadpntLocType/@sap:label}" text="{path: 'ReadpntLocType', formatter: 'com.sap.cd.sttp.zcockpit.model.formatter.FixedValueFormatter.FixedValueLocType'}"/>	
	</l:VerticalLayout>	
</core:FragmentDefinition>