<!-- 

 Copyright (C) 2009-2019 SAP SE or an SAP affiliate company. All rights reserved.

 --> 
<core:FragmentDefinition xmlns:core="sap.ui.core" xmlns="sap.m" xmlns:layout="sap.ui.layout" xmlns:f="sap.ui.layout.form">
	<Dialog title="{i18n>DIALOG_EPCIS_LOG}" type='Message' state='Information'>
        <Panel expandable="true" expanded="false" expandAnimation="false">
            <headerToolbar>
                <Toolbar binding="{dialog>/lastMessage}" active="true">
                    <core:Icon src="{path: 'dialog>TYPE', formatter: 'com.sap.cd.sttp.zcockpit.model.formatter.EPCISFormatter.MessageTypeFormatter'}"></core:Icon>
                    <Text text="{dialog>MESSAGE}"  class="marginLeft"></Text>
                </Toolbar>
            </headerToolbar>
            <List items="{dialog>/messages}">
                <CustomListItem>
                    <HBox>
                        <core:Icon src="{path: 'dialog>TYPE', formatter: 'com.sap.cd.sttp.zcockpit.model.formatter.EPCISFormatter.MessageTypeFormatter'}"></core:Icon>
                        <Text text="{dialog>MESSAGE}"  class="marginLeft"></Text>
                    </HBox>
                </CustomListItem>
            </List>
        </Panel>
		<beginButton>
			<Button text="Close"></Button>
		</beginButton>
	</Dialog>
</core:FragmentDefinition>