<!-- 

 Copyright (C) 2009-2019 SAP SE or an SAP affiliate company. All rights reserved.

 --> 
<core:FragmentDefinition xmlns:core="sap.ui.core" xmlns:l="sap.ui.layout" xmlns:f="sap.ui.layout.form" xmlns="sap.m">
	<f:SimpleForm minWidth="1024" maxContainerCols="3" editable="false" layout="ResponsiveGridLayout" columnsL="3" columnsM="3"> 
		<core:Title text="{i18n>REPEVENT_ATTR_GENERAL}"/>
		<Label text="{/#RepEvent/CreationTime/@sap:label}" tooltip="{/#RepEvent/CreationTime/@sap:label}"/>
		<Text text="{path: 'CreationTime', type: 'sap.ui.model.type.DateTime', formatOptions: { UTC:false, pattern: 'yyyy-MM-dd HH:mm:ss'}}"/>
		<Label text="{/#RepEvent/SentTime/@sap:label}" tooltip="{/#RepEvent/SentTime/@sap:label}"/>
		<Text text="{path: 'SentTime', type: 'sap.ui.model.type.DateTime', formatOptions: { pattern: 'yyyy-MM-dd HH:mm:ss',UTC:false}}"/>
		<Label text="{/#RepEvent/StatusRepEvt/@sap:label}" tooltip="{/#RepEvent/StatusRepEvt/@sap:label}"/>
		<Text text="{path: 'StatusRepEvt', formatter: 'com.sap.cd.sttp.zcockpit.model.formatter.FixedValueFormatter.FixedValueStatusRepEvt'}"/>
		<Label text="{/#RepEvent/RuleType/@sap:label}" tooltip="{/#RepEvent/RuleType/@sap:label}"/>
		<Text text="{RuleType}"/>
		<Label text="{/#RepEvent/RuleTypeDescr/@sap:label}" tooltip="{/#RepEvent/RuleTypeDescr/@sap:label}"/>
		<Text text="{RuleTypeDescr}"/>
		<Label text="{i18n>COLUMN_TITLE_FILE}" tooltip="{i18n>COLUMN_TITLE_FILE}"/>
		<Link text="{i18n>SHOW_FILE_REP}" press="com.sap.cd.sttp.zcockpit.delegate.shared.MessageFileDelegate.onShowMessageFilePress"
                        tooltip="{i18n>SHOW_FILE_REP}"></Link>

		<core:Title text=""/>
		<Label text="{/#RepEvent/NotifType/@sap:label}" tooltip="{/#RepEvent/NotifType/@sap:label}"/>
		<Text text="{NotifType}"/>
		<Label text="{/#RepEvent/NotifTypeDescr/@sap:label}" tooltip="{/#RepEvent/NotifTypeDescr/@sap:label}"/>
		<Text text="{NotifTypeDescr}"/>
		<Label text="{/#RepEvent/StatusResponse/@sap:label}" tooltip="{/#RepEvent/StatusResponse/@sap:label}"/>
		<Text text="{path: 'StatusResponse', formatter: 'com.sap.cd.sttp.zcockpit.model.formatter.FixedValueFormatter.FixedValueStatusResponse'}"/>
		<Label text="{i18n>OBJ_REPEVT_EXPECTED_OPEN_RESPONSES}" tooltip="{i18n>OBJ_REPEVT_EXPECTED_OPEN_RESPONSES}"/>
		<Text text="{ResponsesExpected} / {ResponsesOpen}"/>
		<Label text="{/#RepEvent/CtrGrpDescr/@sap:label}" tooltip="{/#RepEvent/CtrGrpDescr/@sap:label}"/>
		<Text text="{CtrGrpDescr}"/>
		<Label text="{/#RepEvent/Bupname/@sap:label}" tooltip="{/#RepEvent/Bupname/@sap:label}"/>
		<Text text="{Bupname}"/>

		<core:Title text="{i18n>REPEVENT_ATTR_APPROVAL}"/>
		<Label text="{/#RepEvent/WaitBatchRel/@sap:label}" tooltip="{/#RepEvent/WaitBatchRel/@sap:label}"/>
		<Text text="{WaitBatchRel}"/>
		<Label text="{/#RepEvent/GtinBatch/@sap:label}" tooltip="{/#RepEvent/GtinBatch/@sap:label}"/>
		<Text text="{GtinBatch}"/>
		<Label text="{/#RepEvent/BatchNo/@sap:label}" tooltip="{/#RepEvent/BatchNo/@sap:label}"/>
		<Text text="{BatchNo}"/>
		<Label text="{/#RepEvent/BatchStatus/@sap:label}" tooltip="{/#RepEvent/BatchStatus/@sap:label}"/>
		<Text text="{path: 'BatchStatus', formatter: 'com.sap.cd.sttp.zcockpit.model.formatter.FixedValueFormatter.FixedValueDisposition'}"/>
		<Label text="{/#RepEvent/WaitUserApprvl/@sap:label}" tooltip="{/#RepEvent/WaitUserApprvl/@sap:label}"/>
		<Text text="{WaitUserApprvl}"/>
		<Label text="{/#RepEvent/ApprovedBy/@sap:label}" tooltip="{/#RepEvent/ApprovedBy/@sap:label}"/>
		<Text text="{ApprovedBy}"/>
		<Label text="{/#RepEvent/AprvTime/@sap:label}" tooltip="{/#RepEvent/AprvTime/@sap:label}"/>
		<Text text="{path: 'AprvTime', type: 'sap.ui.model.type.DateTime', formatOptions: { pattern: 'yyyy-MM-dd HH:mm:ss',UTC:false}}"/>
	</f:SimpleForm>
</core:FragmentDefinition>