<!-- 

 Copyright (C) 2009-2019 SAP SE or an SAP affiliate company. All rights reserved.

 --> 
<core:FragmentDefinition xmlns:core="sap.ui.core" xmlns:l="sap.ui.layout" xmlns="sap.m" xmlns:uxap="sap.uxap">
	<l:VerticalLayout>
		<l:layoutData>
			<uxap:ObjectPageHeaderLayoutData/>
		</l:layoutData>
		<ObjectStatus title="{/#RepEvent/SentTime/@sap:label}" text="{path: 'SentTime', type: 'sap.ui.model.type.DateTime', formatOptions: { pattern: 'yyyy-MM-dd HH:mm:ss',UTC:false}}"/>
		<ObjectStatus title="{/#RepEvent/StatusRepEvt/@sap:label}" text="{path: 'StatusRepEvt', formatter: 'com.sap.cd.sttp.zcockpit.model.formatter.FixedValueFormatter.FixedValueStatusRepEvt'}"/>
		<ObjectStatus title="{/#RepEvent/RuleType/@sap:label}" text="{RuleType}"/>
		<ObjectStatus title="{/#RepEvent/RuleTypeDescr/@sap:label}" text="{RuleTypeDescr}"/>
		<ObjectAttribute active="true" text="{i18n>SHOW_FILE_REP}" press="com.sap.cd.sttp.zcockpit.delegate.shared.MessageFileDelegate.onShowMessageFilePress"/>
	</l:VerticalLayout>

	<l:VerticalLayout>
		<l:layoutData>
			<uxap:ObjectPageHeaderLayoutData/>
		</l:layoutData>
		<ObjectStatus title="{/#RepEvent/NotifType/@sap:label}" text="{NotifType}"/>
		<ObjectStatus title="{/#RepEvent/NotifTypeDescr/@sap:label}" text="{NotifTypeDescr}"/>
		<ObjectStatus title="{/#RepEvent/StatusResponse/@sap:label}" text="{path: 'StatusResponse', formatter: 'com.sap.cd.sttp.zcockpit.model.formatter.FixedValueFormatter.FixedValueStatusResponse'}"/>
		<ObjectStatus title="{i18n>OBJ_REPEVT_EXPECTED_OPEN_RESPONSES}" text="{ResponsesExpected} / {ResponsesOpen}"/>	
		<ObjectStatus title="{/#RepEvent/CtrGrpDescr/@sap:label}" text="{CtrGrpDescr}"/>
		<ObjectStatus title="{/#RepEvent/Bupname/@sap:label}" text="{Bupname}"/>
	</l:VerticalLayout>

	<l:VerticalLayout>
		<l:layoutData>
			<uxap:ObjectPageHeaderLayoutData/>
		</l:layoutData>
		<ObjectStatus title="{/#RepEvent/WaitBatchRel/@sap:label}" text="{WaitBatchRel}"/>
		<ObjectStatus title="{/#RepEvent/GtinBatch/@sap:label}" text="{GtinBatch}"/>
		<ObjectStatus title="{/#RepEvent/BatchNo/@sap:label}" text="{BatchNo}"/>
		<ObjectStatus title="{/#RepEvent/BatchStatus/@sap:label}" text="{path: 'BatchStatus', formatter: 'com.sap.cd.sttp.zcockpit.model.formatter.FixedValueFormatter.FixedValueDisposition'}"/>
		<ObjectStatus title="{/#RepEvent/WaitUserApprvl/@sap:label}" text="{WaitUserApprvl}"/>
		<ObjectStatus title="{/#RepEvent/ApprovedBy/@sap:label}" text="{ApprovedBy}"/>
		<ObjectStatus title="{/#RepEvent/AprvTime/@sap:label}" text="{path: 'AprvTime', type: 'sap.ui.model.type.DateTime', formatOptions: { pattern: 'yyyy-MM-dd HH:mm:ss',UTC:false}}"/>
	</l:VerticalLayout>	
</core:FragmentDefinition>