<!-- 

 Copyright (C) 2009-2019 SAP SE or an SAP affiliate company. All rights reserved.

 --> 
<core:FragmentDefinition xmlns:core="sap.ui.core" xmlns:l="sap.ui.layout" xmlns:m="sap.m" xmlns="sap.uxap">
    <ObjectPageLayout id="pageLayout">
        <headerTitle>
            <ObjectPageHeader id="pageHeader" objectImageURI="sap-icon://marketing-campaign" objectImageShape="Circle" objectTitle="{i18n>REPEVENTSHELL_DETAILS_HEADER}"
                objectSubtitle="{path: 'CreationTime', type: 'sap.ui.model.type.DateTime', formatOptions: { UTC:false, pattern: 'yyyy-MM-dd HH:mm:ss'}}" isObjectIconAlwaysVisible="true">	
                <actions>
                    <ObjectPageHeaderActionButton tooltip="{i18n>COLLAPSE_EXP_HEADER}" icon="sap-icon://sorting-ranking" type="Transparent" press="com.sap.cd.sttp.zcockpit.delegate.shared.DetailsDelegate.toggleHeader"/>
                </actions>
            </ObjectPageHeader>
        </headerTitle>
        <headerContent>
            <core:Fragment fragmentName="com.sap.cd.sttp.zcockpit.fragment.repevents.detail.NewHeaderContent" type="XML"/>
        </headerContent>
    </ObjectPageLayout>
</core:FragmentDefinition>