<!-- 

 Copyright (C) 2009-2019 SAP SE or an SAP affiliate company. All rights reserved.

 --> 
<core:FragmentDefinition xmlns="sap.m" xmlns:core="sap.ui.core" xmlns:f="sap.ui.layout.form">
	<Dialog id="GtinDialog" title="{/#ObjItem/Gtin/@sap:label}" contentHeight="80%" contentWidth="400px"
		class="sapUiSizeCompact">
		<IconTabBar expandable="false">
			<items>
				<IconTabFilter text="{i18n>HELP_GTIN_TAB_TITLE}">
					<SearchField width="100%" search=".handleSearch" placeholder="{i18n>HELP_PLACEHOLDER_GTIN}"></SearchField>
					<List id="GtinDialogList" items="{ path:'/ShlpGtinSet', sorter: [{ path: 'Gtin', descending: false }]}" itemPress=".handleItemPressed"
						growing="true">
						<StandardListItem title="{Gtin}" description="{Text}" type="Active"/>
					</List>
				</IconTabFilter>
				<IconTabFilter text="{i18n>HELP_MATERIAL_TAB_TITLE}">
					<SearchField id="InputMatNo" placeholder="{i18n>HELP_PLACEHOLDER_MATERIAL}" width="100%" search=".handleGoPressed"></SearchField>
					<SearchField id="InputLogSysGrp" placeholder="{i18n>HELP_PLACEHOLDER_LOGSYS}" width="100%" search=".handleGoPressed"></SearchField>
					<List id="GtinDialogMatList" items="{ path:'/ShlpGtinMatSet', sorter: [{ path: 'Gtin', descending: false }]}"
						itemPress=".handleCustomItemPressed" growing="true" class="sapUiSmallMarginTop">
						<CustomListItem type="Active">
							<HBox>
								<VBox class="sapUiTinyMarginBegin sapUiTinyMarginTopBottom">
									<Label id="title" text="{Gtin}" class="sapMSLITitle"/>
									<Label text="{Text}"/>
									<Label text="{i18n>LISTITEM_MATERIAL_LABEL} {MatnrExt}"/>
									<Label text="{i18n>LISTITEM_UOM_LABEL} {UoM}"/>
									<Label text="{i18n>LISTITEM_LOGSYS_LABEL} {LogQS}"/>
								</VBox>
							</HBox>
						</CustomListItem>
					</List>
				</IconTabFilter>
			</items>
		</IconTabBar>
		<endButton>
			<Button text="{i18n>MSG_FILES_DIALOG_CANCEL}" press=".handleDialogCancelPressed"></Button>
		</endButton>
	</Dialog>
</core:FragmentDefinition>