<!-- 

 Copyright (C) 2009-2019 SAP SE or an SAP affiliate company. All rights reserved.

 --> 
<core:FragmentDefinition xmlns:core="sap.ui.core" xmlns:l="sap.ui.layout" xmlns:f="sap.ui.layout.form" xmlns="sap.m">
	<f:SimpleForm minWidth="1024" maxContainerCols="3" editable="false" layout="ResponsiveGridLayout" columnsL="2" columnsM="2">
		<core:Title text="{i18n>AUTHREQ_IDENTIFIERS_HEADER}"/>
		<Label text="{/#AuthRequest/AuthTime/@sap:label}" tooltip="{/#AuthRequest/AuthTime/@sap:label}"/>
		<Text text="{path: 'AuthTime', type: 'sap.ui.model.type.DateTime', formatOptions: { pattern: 'yyyy-MM-dd HH:mm:ss',UTC:false } }"/>
		<Label text="{/#AuthRequest/AuthSystemName/@sap:label}" tooltip="{/#AuthRequest/AuthSystemName/@sap:label}"/>
		<Text text="{AuthSystemName}"/>
		<Label text="{/#AuthRequest/AuthUser/@sap:label}" tooltip="{/#AuthRequest/AuthUser/@sap:label}"/>
		<Text text="{AuthUser}"/>
		<Label text="{/#AuthRequest/AuthResultSum/@sap:label}" tooltip="{/#AuthRequest/AuthResultSum/@sap:label}"/>
		<Text text="{path: 'AuthResultSum', formatter: 'com.sap.cd.sttp.zcockpit.model.formatter.FixedValueFormatter.FixedValueAuthResultSum'}"/>
		<core:Title text="{i18n>AUTHREQ_LOC_HEADER}"/>
		<Label text="{/#AuthRequest/Latitude/@sap:label}" tooltip="{/#AuthRequest/Latitude/@sap:label}"/>
		<Text text="{Latitude}"/>
		<Label text="{/#AuthRequest/Longitude/@sap:label}" tooltip="{/#AuthRequest/Longitude/@sap:label}"/>
		<Text text="{Longitude}"/>
	</f:SimpleForm>
</core:FragmentDefinition>