<!-- 

 Copyright (C) 2009-2019 SAP SE or an SAP affiliate company. All rights reserved.

 --> 
<core:FragmentDefinition xmlns:core="sap.ui.core" xmlns:l="sap.ui.layout" xmlns="sap.m" xmlns:uxap="sap.uxap">
	<l:VerticalLayout>
		<l:layoutData>
			<uxap:ObjectPageHeaderLayoutData/>
		</l:layoutData>
		<ObjectStatus title="{/#AuthRequest/AuthResultSum/@sap:label}" text="{path: 'AuthResultSum', formatter: 'com.sap.cd.sttp.zcockpit.model.formatter.FixedValueFormatter.FixedValueAuthResultSum'}"/>
		<ObjectStatus title="{/#AuthRequest/AuthSystemName/@sap:label}" text="{AuthSystemName}"/>
		<ObjectStatus title="{/#AuthRequest/AuthUser/@sap:label}" text="{AuthUser}"/>
	</l:VerticalLayout>

	<l:VerticalLayout>
		<l:layoutData>
			<uxap:ObjectPageHeaderLayoutData/>
		</l:layoutData>
		<ObjectStatus title="{/#AuthRequest/Latitude/@sap:label}" text="{Latitude}"/>
		<ObjectStatus title="{/#AuthRequest/Longitude/@sap:label}" text="{Longitude}"/>		
	</l:VerticalLayout>	
</core:FragmentDefinition>