<!-- 

 Copyright (C) 2009-2019 SAP SE or an SAP affiliate company. All rights reserved.

 --> 
<core:FragmentDefinition xmlns:core="sap.ui.core" xmlns:l="sap.ui.layout" xmlns="sap.m" xmlns:fb="sap.ui.comp.filterbar"
	xmlns:app="http://schemas.sap.com/sapui5/extension/sap.ui.core.CustomData/1">
	<fb:FilterBar id="filterbar" search="com.sap.cd.sttp.zcockpit.delegate.shared.MasterFilterDelegate.onSearch" app:entitySet="/LotSet"
		class="marginInsideShellContainer" showRestoreButton="false" showClearButton="true" showClearOnFB="true" filterBarExpanded="true"
		clear="com.sap.cd.sttp.zcockpit.delegate.shared.MasterFilterDelegate.onClear" persistencyKey="filterbarLots">
		<fb:filterItems>
			<fb:FilterItem name="Lotno" label="{/#Lot/Lotno/@sap:label}" visibleInFilterBar="true">
				<fb:control>
					<Input name="Lotno" type="Text"
						placeholder="{parts:['i18n>ENTER_PLACEHOLDER', '/#Lot/Lotno/@sap:label'], formatter: 'jQuery.sap.formatMessage'}"/>
				</fb:control>
			</fb:FilterItem>
			<fb:FilterItem name="EpcClassUri" label="{/#Lot/EpcClassUri/@sap:label}" visibleInFilterBar="false">
				<fb:control>
					<Input name="EpcClassUri" type="Text"
						placeholder="{parts:['i18n>ENTER_PLACEHOLDER', '/#Lot/EpcClassUri/@sap:label'], formatter: 'jQuery.sap.formatMessage'}"/>
				</fb:control>
			</fb:FilterItem>
			<fb:FilterItem name="Gtin" label="{/#Lot/Gtin/@sap:label}" visibleInFilterBar="false">
				<fb:control>
					<Input name="Gtin" type="Text"
						placeholder="{parts:['i18n>ENTER_PLACEHOLDER', '/#Lot/Gtin/@sap:label'], formatter: 'jQuery.sap.formatMessage'}"
						showValueHelp="true" valueHelpRequest="com.sap.cd.sttp.zcockpit.delegate.shared.MasterFilterDelegate.handleValueHelpRequest"/>
				</fb:control>
			</fb:FilterItem>
			<fb:FilterItem name="Disposition" label="{/#Lot/Disposition/@sap:label}" visibleInFilterBar="false">
				<fb:control>
					<Input name="Disposition" type="Text"
						placeholder="{parts:['i18n>ENTER_PLACEHOLDER', '/#Lot/Disposition/@sap:label'], formatter: 'jQuery.sap.formatMessage'}"
						showValueHelp="true" valueHelpRequest="com.sap.cd.sttp.zcockpit.delegate.shared.MasterFilterDelegate.handleValueHelpRequest"/>
				</fb:control>
			</fb:FilterItem>
			<fb:FilterItem name="StatusObj" label="{/#Lot/StatusObj/@sap:label}" visibleInFilterBar="false">
				<fb:control>
					<Select name="StatusObj" items="{templateShareable: false, path:'fixedValues>/FixedValueSet/StatusObj'}">
						<core:Item key="{fixedValues>Domvalue_l}" text="{fixedValues>Domvalue_l} - {fixedValues>Ddtext}"/>
					</Select>
				</fb:control>
			</fb:FilterItem>
			<fb:FilterItem name="Ncode" label="{/#Lot/Ncode/@sap:label}" visibleInFilterBar="false">
				<fb:control>
					<Input name="Ncode" type="Text"
						placeholder="{parts:['i18n>ENTER_PLACEHOLDER', '/#Lot/Ncode/@sap:label'], formatter: 'jQuery.sap.formatMessage'}"
						showValueHelp="true" valueHelpRequest="com.sap.cd.sttp.zcockpit.delegate.shared.MasterFilterDelegate.handleValueHelpRequest"/>
				</fb:control>
			</fb:FilterItem>
			<fb:FilterItem name="Rcode" label="{/#Lot/Rcode/@sap:label}" visibleInFilterBar="false">
				<fb:control>
					<Input name="Rcode" type="Text"
						placeholder="{parts:['i18n>ENTER_PLACEHOLDER', '/#Lot/Rcode/@sap:label'], formatter: 'jQuery.sap.formatMessage'}"
						showValueHelp="true" valueHelpRequest="com.sap.cd.sttp.zcockpit.delegate.shared.MasterFilterDelegate.handleValueHelpRequest"/>
				</fb:control>
			</fb:FilterItem>
			<fb:FilterItem name="Trncode" label="{/#Lot/Trncode/@sap:label}" visibleInFilterBar="false">
				<fb:control>
					<Input id="inputTrnCode" name="Trncode" type="Text"
						placeholder="{parts:['i18n>ENTER_PLACEHOLDER', '/#Lot/Trncode/@sap:label'], formatter: 'jQuery.sap.formatMessage'}"/>
				</fb:control>
			</fb:FilterItem>
			<fb:FilterItem name="Bizttype" label="{/#Lot/Bizttype/@sap:label}" visibleInFilterBar="false">
				<fb:control>
					<Select name="Bizttype" items="{templateShareable: false, path:'fixedValues>/FixedValueSet/BizTrnType'}">
						<core:Item key="{fixedValues>Domvalue_l}" text="{fixedValues>Domvalue_l} - {fixedValues>Ddtext}"/>
					</Select>
				</fb:control>
			</fb:FilterItem>
			<fb:FilterItem name="Datmf" label="{/#Lot/Datmf/@sap:label}" visibleInFilterBar="false">
				<fb:control>
					<DateRangeSelection name="Datmf"/>
				</fb:control>
			</fb:FilterItem>
			<fb:FilterItem name="Datex" label="{/#Lot/Datex/@sap:label}" visibleInFilterBar="false">
				<fb:control>
					<DateRangeSelection name="Datex"/>
				</fb:control>
			</fb:FilterItem>
			<fb:FilterItem name="ModifiedUser" label="{/#Lot/ModifiedUser/@sap:label}" visibleInFilterBar="false">
				<fb:control>
					<Input name="ModifiedUser" app:fragment="User" type="Text"
						placeholder="{parts:['i18n>ENTER_PLACEHOLDER', '/#Lot/ModifiedUser/@sap:label'], formatter: 'jQuery.sap.formatMessage'}"
						showValueHelp="true" valueHelpRequest="com.sap.cd.sttp.zcockpit.delegate.shared.MasterFilterDelegate.handleValueHelpRequest"/>
				</fb:control>
			</fb:FilterItem>
			<fb:FilterItem name="ModifiedTime_From" label="{i18n>MODIFIED_TIME_FROM}" visibleInFilterBar="false">
				<fb:control>
					<DateTimeInput type="DateTime" valueFormat="yyyyMMddHHmmss" name="ModifiedTime_From" displayFormat="yyyy-MM-dd HH:mm"
						placeholder="{parts:['i18n>ENTER_PLACEHOLDER', 'i18n>MODIFIED_TIME_FROM'], formatter: 'jQuery.sap.formatMessage'}"/>
				</fb:control>
			</fb:FilterItem>
			<fb:FilterItem name="ModifiedTime_To" label="{i18n>MODIFIED_TIME_TO}" visibleInFilterBar="false">
				<fb:control>
					<DateTimeInput type="DateTime" valueFormat="yyyyMMddHHmmss" name="ModifiedTime_To" displayFormat="yyyy-MM-dd HH:mm"
						placeholder="{parts:['i18n>ENTER_PLACEHOLDER', 'i18n>MODIFIED_TIME_TO'], formatter: 'jQuery.sap.formatMessage'}"/>
				</fb:control>
			</fb:FilterItem>
		</fb:filterItems>
	</fb:FilterBar>
</core:FragmentDefinition>