<!-- 

 Copyright (C) 2009-2019 SAP SE or an SAP affiliate company. All rights reserved.

 --> 
<core:FragmentDefinition xmlns:core="sap.ui.core" xmlns="sap.m" xmlns:table="sap.ui.table">
	<table:Table id="masterTable" visibleRowCountMode="Auto" selectionMode="Single" selectionBehavior="RowOnly" editable="false"
		class="attTable attMasterTable" rowHeight="26" noData="{i18n>MASTER_TABLE_NO_DATA}">
		<table:toolbar>
			<Toolbar>
				<Label text="{i18n>LOTLIST_HEADER}"></Label>
				<ToolbarSpacer></ToolbarSpacer>
				<Button type="Transparent" id="persButton" icon="sap-icon://action-settings" tooltip="{i18n>OBJLIST_PERSONALIZE_BUTTON}"/>
				<Button type="Transparent" icon="sap-icon://excel-attachment" press="com.sap.cd.sttp.zcockpit.delegate.shared.ExportDelegate.exportDataFromTable"
					tooltip="{i18n>OBJLIST_EXPORT_BUTTON}"/>
			</Toolbar>
		</table:toolbar>
		<table:columns>
			<table:Column width="auto" sortProperty="Gs1EsB" id="Gs1EsB">
				<Label text="{/#Lot/Gs1EsB/@sap:label}" tooltip="{/#Lot/Gs1EsB/@sap:label}"></Label>
				<table:template>
					<Link text="{Gs1EsB}" tooltip="{Gs1EsB}" press="com.sap.cd.sttp.zcockpit.delegate.shared.CrossNavigationDelegate.navToLot"></Link>
				</table:template>
			</table:Column>
			<table:Column width="auto" sortProperty="Descr" id="Descr">
				<Label text="{/#Lot/Descr/@sap:label}" tooltip="{/#Lot/Descr/@sap:label}"/>
				<table:template>
					<Text wrapping="false" text="{Descr}" tooltip="{Descr}"></Text>
				</table:template>
			</table:Column>
			<table:Column width="auto" sortProperty="Lotno" id="Lotno">
				<Label text="{/#Lot/Lotno/@sap:label}" tooltip="{/#Lot/Lotno/@sap:label}"/>
				<table:template>
					<Text wrapping="false" text="{Lotno}" tooltip="{Lotno}"/>
				</table:template>
			</table:Column>
			<table:Column width="auto" sortProperty="StatusObj" id="StatusObj">
				<Label text="{/#Lot/StatusObj/@sap:label}" tooltip="{/#Lot/StatusObj/@sap:label}"/>
				<table:template>
					<Text wrapping="false" text="{path: 'StatusObj', formatter: 'com.sap.cd.sttp.zcockpit.model.formatter.FixedValueFormatter.FixedValueStatusObj'}"
						tooltip="{path: 'StatusObj', formatter: 'com.sap.cd.sttp.zcockpit.model.formatter.FixedValueFormatter.FixedValueStatusObj'}"/>
				</table:template>
			</table:Column>
			<table:Column width="auto" sortProperty="Disposition" id="Disposition">
				<Label text="{/#Lot/Disposition/@sap:label}" tooltip="{/#Lot/Disposition/@sap:label}"/>
				<table:template>
					<Text wrapping="false" text="{path: 'Disposition', formatter: 'com.sap.cd.sttp.zcockpit.model.formatter.FixedValueFormatter.FixedValueDisposition'}"
						tooltip="{path: 'Disposition', formatter: 'com.sap.cd.sttp.zcockpit.model.formatter.FixedValueFormatter.FixedValueDisposition'}"/>
				</table:template>
			</table:Column>
			<table:Column width="auto" sortProperty="Datex" id="Datex">
				<Label text="{/#Lot/Datex/@sap:label}" tooltip="{/#Lot/Datex/@sap:label}"/>
				<table:template>
					<Text wrapping="false" text="{path: 'Datex', type: 'sap.ui.model.type.DateTime', formatOptions: { pattern: 'yyyy-MM-dd', UTC: true }}"
						tooltip="{path: 'Datex', type: 'sap.ui.model.type.DateTime', formatOptions: { pattern: 'yyyy-MM-dd', UTC: true }}"/>
				</table:template>
			</table:Column>
			<table:Column width="auto" sortProperty="Datmf" id="Datmf">
				<Label text="{/#Lot/Datmf/@sap:label}" tooltip="{/#Lot/Datmf/@sap:label}"/>
				<table:template>
					<Text wrapping="false" text="{path: 'Datmf', type: 'sap.ui.model.type.DateTime', formatOptions: { pattern: 'yyyy-MM-dd', UTC: true }}"
						tooltip="{path: 'Datmf', type: 'sap.ui.model.type.DateTime', formatOptions: { pattern: 'yyyy-MM-dd', UTC: true }}"/>
				</table:template>
			</table:Column>
			<table:Column width="auto" visible="false" sortProperty="Gtin" id="Gtin">
				<Label text="{/#Lot/Gtin/@sap:label}" tooltip="{/#Lot/Gtin/@sap:label}"/>
				<table:template>
					<Text wrapping="false" text="{Gtin}" tooltip="{Gtin}"/>
				</table:template>
			</table:Column>
			<table:Column width="auto" visible="false" sortProperty="CusLog1" id="CusLog1">
				<Label text="{/#Lot/CusLog1/@sap:label}" tooltip="{/#Lot/CusLog1/@sap:label}"/>
				<table:template>
					<Text wrapping="false" text="{CusLog1}" tooltip="{CusLog1}"/>
				</table:template>
			</table:Column>
			<table:Column width="auto" visible="false" sortProperty="QtyProd" id="QtyProd">
				<Label text="{/#Lot/QtyProd/@sap:label}" tooltip="{/#Lot/QtyProd/@sap:label}"/>
				<table:template>
					<Text wrapping="false" text="{QtyProd}" tooltip="{path: 'QtyProd', formatter: 'com.sap.cd.sttp.zcockpit.model.formatter.GeneralFormatter.ToString'}"/>
				</table:template>
			</table:Column>
			<table:Column width="auto" visible="false" sortProperty="EpcClassUri" id="EpcClassUri">
				<Label text="{/#Lot/EpcClassUri/@sap:label}" tooltip="{/#Lot/EpcClassUri/@sap:label}"/>
				<table:template>
					<Text wrapping="false" text="{EpcClassUri}" tooltip="{EpcClassUri}"/>
				</table:template>
			</table:Column>
			<table:Column width="auto" visible="false" sortProperty="Gln" id="Gln">
				<Label text="{/#Lot/Gln/@sap:label}" tooltip="{/#Lot/Gln/@sap:label}"/>
				<table:template>
					<Text wrapping="false" text="{Gln}" tooltip="{Gln}"/>
				</table:template>
			</table:Column>
			<table:Column width="auto" visible="false" sortProperty="GlnExt" id="GlnExt">
				<Label text="{/#Lot/GlnExt/@sap:label}" tooltip="{/#Lot/GlnExt/@sap:label}"/>
				<table:template>
					<Text wrapping="false" text="{GlnExt}" tooltip="{GlnExt}"/>
				</table:template>
			</table:Column>
			<table:Column width="auto" visible="false" sortProperty="Ncode" id="Ncode">
				<Label text="{/#Lot/Ncode/@sap:label}" tooltip="{/#Lot/Ncode/@sap:label}"/>
				<table:template>
					<Text wrapping="false" text="{Ncode}" tooltip="{Ncode}"/>
				</table:template>
			</table:Column>
			<table:Column width="auto" visible="false" sortProperty="NcodeType" id="NcodeType">
				<Label text="{/#Lot/NcodeType/@sap:label}" tooltip="{/#Lot/NcodeType/@sap:label}"/>
				<table:template>
					<Text wrapping="false" text="{NcodeType}" tooltip="{NcodeType}"/>
				</table:template>
			</table:Column>
			<table:Column width="auto" visible="false" sortProperty="Rcode" id="Rcode">
				<Label text="{/#Lot/Rcode/@sap:label}" tooltip="{/#Lot/Rcode/@sap:label}"/>
				<table:template>
					<Text wrapping="false" text="{Rcode}" tooltip="{Rcode}"/>
				</table:template>
			</table:Column>
			<table:Column width="auto" visible="false" sortProperty="Storage" id="Storage">
				<Label text="{/#Lot/Storage/@sap:label}" tooltip="{/#Lot/Storage/@sap:label}"/>
				<table:template>
					<Text wrapping="false" text="{Storage}" tooltip="{path: 'Storage', formatter: 'com.sap.cd.sttp.zcockpit.model.formatter.GeneralFormatter.ToString'}"/>
				</table:template>
			</table:Column>
			<table:Column width="auto" visible="false" sortProperty="QuantityUom" id="QuantityUom">
				<Label text="{/#Lot/QuantityUom/@sap:label}" tooltip="{/#Lot/QuantityUom/@sap:label}"/>
				<table:template>
					<Text wrapping="false" text="{QuantityUom}" tooltip="{QuantityUom}"/>
				</table:template>
			</table:Column>
			<table:Column width="auto" visible="false" sortProperty="Matnr" id="Matnr">
				<Label text="{/#Lot/Matnr/@sap:label}" tooltip="{/#Lot/Matnr/@sap:label}"/>
				<table:template>
					<Text wrapping="false" text="{Matnr}" tooltip="{Matnr}"/>
				</table:template>
			</table:Column>
			<table:Column width="auto" visible="false" sortProperty="CreationUser" id="CreationUser">
				<Label text="{/#Lot/CreationUser/@sap:label}" tooltip="{/#Lot/CreationUser/@sap:label}"/>
				<table:template>
					<Text wrapping="false" text="{CreationUser}" tooltip="{CreationUser}"/>
				</table:template>
			</table:Column>
			<table:Column width="auto" visible="false" sortProperty="ModifiedUser" id="ModifiedUser">
				<Label text="{/#Lot/ModifiedUser/@sap:label}" tooltip="{/#Lot/ModifiedUser/@sap:label}"/>
				<table:template>
					<Text wrapping="false" text="{ModifiedUser}" tooltip="{ModifiedUser}"/>
				</table:template>
			</table:Column>
			<table:Column width="auto" visible="false" sortProperty="CreationTime" id="CreationTime">
				<Label text="{/#Lot/CreationTime/@sap:label}" tooltip="{/#Lot/CreationTime/@sap:label}"/>
				<table:template>
					<Text wrapping="false" text="{path: 'CreationTime', type: 'sap.ui.model.type.DateTime', formatOptions: { UTC:false, pattern: 'yyyy-MM-dd HH:mm:ss'}}"
						tooltip="{path: 'CreationTime', type: 'sap.ui.model.type.DateTime', formatOptions: { UTC:false, pattern: 'yyyy-MM-dd HH:mm:ss'}}"/>
				</table:template>
			</table:Column>
			<table:Column width="auto" visible="false" sortProperty="ModifiedTime" id="ModifiedTime">
				<Label text="{/#Lot/ModifiedTime/@sap:label}" tooltip="{/#Lot/ModifiedTime/@sap:label}"/>
				<table:template>
					<Text wrapping="false" text="{path: 'ModifiedTime', type: 'sap.ui.model.type.DateTime', formatOptions: { UTC:false, pattern: 'yyyy-MM-dd HH:mm:ss'}}"
						tooltip="{path: 'ModifiedTime', type: 'sap.ui.model.type.DateTime', formatOptions: { UTC:false, pattern: 'yyyy-MM-dd HH:mm:ss'}}"/>
				</table:template>
			</table:Column>
			<core:Fragment fragmentName="com.sap.cd.sttp.zcockpit.extp.LOT_MASTER_TABLE_COL" type="XML"/>
		</table:columns>
	</table:Table>
</core:FragmentDefinition>