{
  "run": [
    {
      "filePath": "/test/FLPSandbox.html",
      "previewMode": 1,
      "dataMode": 1,
      "workspace": "withoutWorkspace",
      "ui5ActiveVersion": null,
      "ui5VerSource": null,
      "isDefaultVersion": 0,
      "urlParameters": [],
      "hashParameter": "",
      "backendSystem": [],
      "_metadata": {
        "runnerId": "webapprunner",
        "id": 1642124,
        "displayName": "Run FLPSandbox.html",
        "lastRunTimeStamp": 1597151615310
      }
    }
  ]
}