{
    "resources": [
        {
            "name": "model/formatter/ExtensionFormatter.js"
        },
        {
            "name": "model/formatter/FixedValueFormatterMD.js"
        },
        {
            "name": "model/formatter/FixedValueFormatter.js"
        },
        {
            "name": "model/formatter/GeneralFormatter.js"
        },
        {
            "name": "model/formatter/EPCISFormatter.js"
        },
        {
            "name": "model/models.js"
        },
        {
            "name": "delegate/BaseDelegate.js"
        },
        {
            "name": "delegate/shared/CrossNavigationDelegate.js"
        },
        {
            "name": "delegate/shared/outerPage/FooterDelegate.js"
        },
        {
            "name": "delegate/shared/DetailsDelegate.js"
        },
        {
            "name": "delegate/shared/valueHelp/GtinDelegate.js"
        },
        {
            "name": "delegate/shared/MapDelegate.js"
        },
        {
            "name": "delegate/shared/epcis/EPCISDelegate.js"
        },
        {
            "name": "delegate/shared/epcis/DialogDelegate.js"
        },
        {
            "name": "delegate/shared/MasterFilterDelegate.js"
        },
        {
            "name": "delegate/shared/MessageFileDelegate.js"
        },
        {
            "name": "delegate/shared/ExportDelegate.js"
        },
        {
            "name": "delegate/shared/MessageFilesDialogDelegate.js"
        },
        {
            "name": "delegate/shared/PersonalizationDelegate.js"
        },
        {
            "name": "fragment/events/master/PaginationTable.fragment.xml"
        },
        {
            "name": "fragment/events/master/FilterBar.fragment.xml"
        },
        {
            "name": "fragment/events/detail/NewHeaderContent.fragment.xml"
        },
        {
            "name": "fragment/events/detail/NewHeader.fragment.xml"
        },
        {
            "name": "fragment/events/detail/Header.fragment.xml"
        },
        {
            "name": "fragment/events/detail/additionalData/AdditionalData.fragment.xml"
        },
        {
            "name": "fragment/events/detail/additionalAttrib/Table.fragment.xml"
        },
        {
            "name": "fragment/events/detail/srcDest/Table.fragment.xml"
        },
        {
            "name": "fragment/containers/detail/additionalData/AdditionalData.fragment.xml"
        },
        {
            "name": "fragment/containers/detail/Header.fragment.xml"
        },
        {
            "name": "fragment/containers/detail/NewHeaderContent.fragment.xml"
        },
        {
            "name": "fragment/containers/detail/NewHeader.fragment.xml"
        },
        {
            "name": "fragment/containers/master/PaginationTable.fragment.xml"
        },
        {
            "name": "fragment/containers/master/FilterBar.fragment.xml"
        },
        {
            "name": "fragment/authrequests/detail/relatedObjects/PaginationTable.fragment.xml"
        },
        {
            "name": "fragment/authrequests/detail/map/Map.fragment.xml"
        },
        {
            "name": "fragment/authrequests/detail/NewHeaderContent.fragment.xml"
        },
        {
            "name": "fragment/authrequests/detail/Header.fragment.xml"
        },
        {
            "name": "fragment/authrequests/detail/NewHeader.fragment.xml"
        },
        {
            "name": "fragment/authrequests/master/PaginationTable.fragment.xml"
        },
        {
            "name": "fragment/authrequests/master/FilterBar.fragment.xml"
        },
        {
            "name": "fragment/shared/valueHelp/Bizstep.fragment.xml"
        },
        {
            "name": "fragment/shared/valueHelp/Gtin.fragment.xml"
        },
        {
            "name": "fragment/shared/valueHelp/User.fragment.xml"
        },
        {
            "name": "fragment/shared/valueHelp/Disposition.fragment.xml"
        },
        {
            "name": "fragment/shared/valueHelp/RuleType.fragment.xml"
        },
        {
            "name": "fragment/shared/valueHelp/Ncode.fragment.xml"
        },
        {
            "name": "fragment/shared/valueHelp/NotifType.fragment.xml"
        },
        {
            "name": "fragment/shared/valueHelp/Rcode.fragment.xml"
        },
        {
            "name": "fragment/shared/detail/additionalData/DynamicAttrForm.fragment.xml"
        },
        {
            "name": "fragment/shared/detail/additionalData/AddStaticAttrAD.fragment.xml"
        },
        {
            "name": "fragment/shared/detail/transactions/TransactionDetail.fragment.xml"
        },
        {
            "name": "fragment/shared/detail/transactions/Table.fragment.xml"
        },
        {
            "name": "fragment/shared/detail/reportingEvents/EventDetail.fragment.xml"
        },
        {
            "name": "fragment/shared/detail/reportingEvents/MessageFilesDialog.fragment.xml"
        },
        {
            "name": "fragment/shared/detail/reportingEvents/Table.fragment.xml"
        },
        {
            "name": "fragment/shared/detail/hierarchy/TreeTable.fragment.xml"
        },
        {
            "name": "fragment/shared/detail/authRequests/Table.fragment.xml"
        },
        {
            "name": "fragment/shared/detail/events/EventMap.fragment.xml"
        },
        {
            "name": "fragment/shared/detail/events/EventDetail.fragment.xml"
        },
        {
            "name": "fragment/shared/detail/events/Table.fragment.xml"
        },
        {
            "name": "fragment/shared/detail/relatedObjects/PaginationTable.fragment.xml"
        },
        {
            "name": "fragment/shared/epcis/RemoveTransactionConfirm.fragment.xml"
        },
        {
            "name": "fragment/shared/epcis/dialog/TransactionConfirm.fragment.xml"
        },
        {
            "name": "fragment/shared/epcis/dialog/ActionSheet.fragment.xml"
        },
        {
            "name": "fragment/shared/epcis/dialog/RemoveTransactionConfirm.fragment.xml"
        },
        {
            "name": "fragment/shared/epcis/dialog/DisaggregateConfirm.fragment.xml"
        },
        {
            "name": "fragment/shared/epcis/dialog/AggregateConfirm.fragment.xml"
        },
        {
            "name": "fragment/shared/epcis/dialog/StandardConfirm.fragment.xml"
        },
        {
            "name": "fragment/shared/epcis/dialog/Messages.fragment.xml"
        },
        {
            "name": "fragment/shared/epcis/StandardConfirm.fragment.xml"
        },
        {
            "name": "fragment/shared/epcis/TransactionConfirm.fragment.xml"
        },
        {
            "name": "fragment/shared/epcis/DisaggregateConfirm.fragment.xml"
        },
        {
            "name": "fragment/shared/epcis/valueHelp/ShlpBizloc.fragment.xml"
        },
        {
            "name": "fragment/shared/epcis/valueHelp/ShlpTransaction.fragment.xml"
        },
        {
            "name": "fragment/shared/epcis/valueHelp/ShlpReadpoint.fragment.xml"
        },
        {
            "name": "fragment/shared/epcis/valueHelp/ShlpDocnum.fragment.xml"
        },
        {
            "name": "fragment/shared/outerPage/Footer.fragment.xml"
        },
        {
            "name": "fragment/shared/outerPage/Search.fragment.xml"
        },
        {
            "name": "fragment/shared/outerPage/Navigation.fragment.xml"
        },
        {
            "name": "fragment/shared/outerPage/History.fragment.xml"
        },
        {
            "name": "fragment/transactions/master/FilterBar.fragment.xml"
        },
        {
            "name": "fragment/transactions/master/PaginationTable.fragment.xml"
        },
        {
            "name": "fragment/transactions/detail/additionalData/AddStaticAttrST.fragment.xml"
        },
        {
            "name": "fragment/transactions/detail/additionalData/AdditionalData.fragment.xml"
        },
        {
            "name": "fragment/transactions/detail/NewHeaderContent.fragment.xml"
        },
        {
            "name": "fragment/transactions/detail/relatedItems/Table.fragment.xml"
        },
        {
            "name": "fragment/transactions/detail/relatedItems/TableTemplate.fragment.xml"
        },
        {
            "name": "fragment/transactions/detail/relatedItemsCompare/TableTemplate.fragment.xml"
        },
        {
            "name": "fragment/transactions/detail/relatedItemsCompare/Table.fragment.xml"
        },
        {
            "name": "fragment/transactions/detail/Header.fragment.xml"
        },
        {
            "name": "fragment/transactions/detail/NewHeader.fragment.xml"
        },
        {
            "name": "fragment/histhierarchy/NewHeaderContent.fragment.xml"
        },
        {
            "name": "fragment/histhierarchy/NewHeader.fragment.xml"
        },
        {
            "name": "fragment/histhierarchy/TreeTable.fragment.xml"
        },
        {
            "name": "fragment/lots/detail/Header.fragment.xml"
        },
        {
            "name": "fragment/lots/detail/NewHeaderContent.fragment.xml"
        },
        {
            "name": "fragment/lots/detail/relatedTradeItems/PaginationTable.fragment.xml"
        },
        {
            "name": "fragment/lots/detail/additionalData/AdditionalData.fragment.xml"
        },
        {
            "name": "fragment/lots/detail/NewHeader.fragment.xml"
        },
        {
            "name": "fragment/lots/master/FilterBar.fragment.xml"
        },
        {
            "name": "fragment/lots/master/PaginationTable.fragment.xml"
        },
        {
            "name": "fragment/objects/master/FilterBar.fragment.xml"
        },
        {
            "name": "fragment/objects/master/PaginationTable.fragment.xml"
        },
        {
            "name": "fragment/objects/master/GTINTable.fragment.xml"
        },
        {
            "name": "fragment/objects/detail/NewHeaderContent.fragment.xml"
        },
        {
            "name": "fragment/objects/detail/additionalData/AddStaticAttrLot.fragment.xml"
        },
        {
            "name": "fragment/objects/detail/additionalData/AdditionalData.fragment.xml"
        },
        {
            "name": "fragment/objects/detail/Header.fragment.xml"
        },
        {
            "name": "fragment/objects/detail/NewHeader.fragment.xml"
        },
        {
            "name": "fragment/tradeitems/master/PaginationTable.fragment.xml"
        },
        {
            "name": "fragment/tradeitems/master/FilterBar.fragment.xml"
        },
        {
            "name": "fragment/repevents/master/VizChartColumns.fragment.xml"
        },
        {
            "name": "fragment/repevents/master/PaginationTable.fragment.xml"
        },
        {
            "name": "fragment/repevents/master/VizChartDonut.fragment.xml"
        },
        {
            "name": "fragment/repevents/master/VizChartColumnsEU.fragment.xml"
        },
        {
            "name": "fragment/repevents/master/FilterBar.fragment.xml"
        },
        {
            "name": "fragment/repevents/detail/additionalData/AdditionalData.fragment.xml"
        },
        {
            "name": "fragment/repevents/detail/event/EventDetail.fragment.xml"
        },
        {
            "name": "fragment/repevents/detail/NewHeader.fragment.xml"
        },
        {
            "name": "fragment/repevents/detail/Header.fragment.xml"
        },
        {
            "name": "fragment/repevents/detail/NewHeaderContent.fragment.xml"
        },
        {
            "name": "lib/scanprovider/ScanProvider.js"
        },
        {
            "name": "lib/scanprovider/bower.json"
        },
        {
            "name": "lib/epcismessageprovider/json2xml.js"
        },
        {
            "name": "lib/epcismessageprovider/bower.json"
        },
        {
            "name": "lib/epcismessageprovider/EPCISMessageProvider.js"
        },
        {
            "name": "lib/epcismessageprovider/EPCISConfigProvider.js"
        },
        {
            "name": "Component.js"
        },
        {
            "name": "control/DataSliderRenderer.js"
        },
        {
            "name": "control/DataSlider.js"
        },
        {
            "name": "localService/mockserver.js"
        },
        {
            "name": "localService/metadata.xml"
        },
        {
            "name": "util/BackendHelper.js"
        },
        {
            "name": "i18n/messageBundle.properties",
            "raw": "messageBundle.properties"
        },
        {
            "name": "manifest.json"
        },
        {
            "name": "controller/BaseController.js"
        },
        {
            "name": "controller/authrequests/Master.controller.js"
        },
        {
            "name": "controller/authrequests/Detail.controller.js"
        },
        {
            "name": "controller/containers/Master.controller.js"
        },
        {
            "name": "controller/containers/Detail.controller.js"
        },
        {
            "name": "controller/lots/Master.controller.js"
        },
        {
            "name": "controller/lots/Detail.controller.js"
        },
        {
            "name": "controller/App.controller.js"
        },
        {
            "name": "controller/repevents/Master.controller.js"
        },
        {
            "name": "controller/repevents/Detail.controller.js"
        },
        {
            "name": "controller/histhierarchy/Hierarchy.controller.js"
        },
        {
            "name": "controller/events/Detail.controller.js"
        },
        {
            "name": "controller/events/Master.controller.js"
        },
        {
            "name": "controller/NotFound.controller.js"
        },
        {
            "name": "controller/tradeitems/Detail.controller.js"
        },
        {
            "name": "controller/tradeitems/Master.controller.js"
        },
        {
            "name": "controller/transactions/Master.controller.js"
        },
        {
            "name": "controller/transactions/Detail.controller.js"
        },
        {
            "name": "controller/objects/Master.controller.js"
        },
        {
            "name": "controller/objects/Detail.controller.js"
        },
        {
            "name": "extp/TRADEITEM_MASTER_TABLE_COL.fragment.xml"
        },
        {
            "name": "extp/SHARED_DETAIL_TRANS_TABLE_COL.fragment.xml"
        },
        {
            "name": "extp/EVENT_MASTER_TABLE_COL.fragment.xml"
        },
        {
            "name": "extp/CONT_DETAIL_TAB.fragment.xml"
        },
        {
            "name": "extp/SHARED_DETAIL_TRANS_TABLE_CELL.fragment.xml"
        },
        {
            "name": "extp/LOT_MASTER_TABLE_COL.fragment.xml"
        },
        {
            "name": "extp/TRANS_DETAIL_RELITEMCOMP_TABLE_COL.fragment.xml"
        },
        {
            "name": "extp/EVENT_DETAIL_SRCDEST_TABLE_COL.fragment.xml"
        },
        {
            "name": "extp/SHARED_DETAIL_AUTHREQ_TABLE_COL.fragment.xml"
        },
        {
            "name": "extp/EVENT_DETAIL_SRCDEST_TABLE_CELL.fragment.xml"
        },
        {
            "name": "extp/LOT_DETAIL_TAB.fragment.xml"
        },
        {
            "name": "extp/TRANS_MASTER_TABLE_COL.fragment.xml"
        },
        {
            "name": "extp/SHARED_DETAIL_RELOBJ_TABLE_COL.fragment.xml"
        },
        {
            "name": "extp/AUTHREQ_MASTER_TABLE_COL.fragment.xml"
        },
        {
            "name": "extp/TRANS_DETAIL_RELITEMCOMP_TABLE_CELL.fragment.xml"
        },
        {
            "name": "extp/OBJECT_DETAIL_TAB.fragment.xml"
        },
        {
            "name": "extp/SHARED_DETAIL_EVENT_TABLE_COL.fragment.xml"
        },
        {
            "name": "extp/TRADEITEM_DETAIL_TAB.fragment.xml"
        },
        {
            "name": "extp/LOT_DETAIL_RELITEM_TABLE_COL.fragment.xml"
        },
        {
            "name": "extp/SHARED_DETAIL_EVENT_TABLE_CELL.fragment.xml"
        },
        {
            "name": "extp/HIST_HIERARCHY_TABLE_COL.fragment.xml"
        },
        {
            "name": "extp/EVENT_DETAIL_TAB.fragment.xml"
        },
        {
            "name": "extp/REPEVENT_DETAIL_TAB.fragment.xml"
        },
        {
            "name": "extp/SHARED_DETAIL_REPEVENT_TABLE_CELL.fragment.xml"
        },
        {
            "name": "extp/SHARED_DETAIL_REPEVENT_TABLE_COL.fragment.xml"
        },
        {
            "name": "extp/TRANS_DETAIL_RELITEM_TABLE_COL.fragment.xml"
        },
        {
            "name": "extp/OBJECT_MASTER_TABLE_COL.fragment.xml"
        },
        {
            "name": "extp/TRANS_DETAIL_RELITEM_TABLE_CELL.fragment.xml"
        },
        {
            "name": "extp/AUTHREQ_DETAIL_RELOBJ_TABLE_COL.fragment.xml"
        },
        {
            "name": "extp/TRANS_DETAIL_TAB.fragment.xml"
        },
        {
            "name": "extp/AUTHREQ_DETAIL_TAB.fragment.xml"
        },
        {
            "name": "extp/REPEVENT_MASTER_TABLE_COL.fragment.xml"
        },
        {
            "name": "extp/CONT_MASTER_TABLE_COL.fragment.xml"
        },
        {
            "name": "extp/SHARED_DETAIL_HIERARCHY_TABLE_COL.fragment.xml"
        },
        {
            "name": ".user.project.json"
        },
        {
            "name": "test/integration/navigationJourney.js"
        },
        {
            "name": "test/integration/opaTests.qunit.html"
        },
        {
            "name": "test/integration/pages/App.js"
        },
        {
            "name": "test/testStandalone.html"
        },
        {
            "name": "test/FLPSandbox.html"
        },
        {
            "name": "test/unit/allTests.js"
        },
        {
            "name": "test/unit/model/models.js"
        },
        {
            "name": "test/unit/model/formatter/GeneralFormatter.js"
        },
        {
            "name": "test/unit/unitTests.qunit.html"
        },
        {
            "name": "test/unit/delegate/shared/MasterFilterDelegate.js"
        },
        {
            "name": "test/unit/Component.js"
        },
        {
            "name": "test/testMockserver.html"
        },
        {
            "name": ".project.json"
        },
        {
            "name": "Component-preload.js",
            "merged": true
        },
        {
            "name": "view/objects/Master.view.xml"
        },
        {
            "name": "view/objects/Detail.view.xml"
        },
        {
            "name": "view/repevents/Detail.view.xml"
        },
        {
            "name": "view/repevents/Master.view.xml"
        },
        {
            "name": "view/authrequests/Master.view.xml"
        },
        {
            "name": "view/authrequests/Detail.view.xml"
        },
        {
            "name": "view/histhierarchy/Hierarchy.view.xml"
        },
        {
            "name": "view/NotFound.view.xml"
        },
        {
            "name": "view/transactions/Detail.view.xml"
        },
        {
            "name": "view/transactions/Master.view.xml"
        },
        {
            "name": "view/containers/Master.view.xml"
        },
        {
            "name": "view/containers/Detail.view.xml"
        },
        {
            "name": "view/lots/Detail.view.xml"
        },
        {
            "name": "view/lots/Master.view.xml"
        },
        {
            "name": "view/tradeitems/Detail.view.xml"
        },
        {
            "name": "view/tradeitems/Master.view.xml"
        },
        {
            "name": "view/App.view.xml"
        },
        {
            "name": "view/events/Master.view.xml"
        },
        {
            "name": "view/events/Detail.view.xml"
        },
        {
            "name": "css/d3.css"
        },
        {
            "name": "css/override.css"
        },
        {
            "name": "css/epcis.css"
        },
        {
            "name": "resources.json",
            "merged": true
        }
    ]
}