<!-- 

 Copyright (C) 2009-2019 SAP SE or an SAP affiliate company. All rights reserved.

 --> 
<core:FragmentDefinition xmlns:core="sap.ui.core" xmlns="sap.m">
    <Toolbar>
    	<Button id="btnToggleMsgs" icon="sap-icon://message-popup" text="{messages>/length}" visible="true" type="Emphasized" press="com.sap.cd.sttp.zcockpit.delegate.shared.outerPage.FooterDelegate.handleMessagePopoverPressed"/>
    	<BusyIndicator visible="{settings>/ShowBusy}" tooltip="{i18n>TOOLTIP_EXPORTING}"></BusyIndicator>
    	<Label text="{i18n>APPLICATION_NAME}"></Label>
		<ToolbarSpacer/>
		<!--<Button icon="sap-icon://history" text="{i18n>HISTORY_TITLE}" press="com.sap.cd.sttp.zcockpit.delegate.shared.outerPage.FooterDelegate.handleFooterHistoryPressed"/>
		<Button icon="sap-icon://search" text="{i18n>GLOBAL_SEARCH_TITLE}" press="com.sap.cd.sttp.zcockpit.delegate.shared.outerPage.FooterDelegate.handleFooterSearchPressed"/>
		<Button icon="sap-icon://menu2" text="{i18n>APP_MENU_TITLE}" press="com.sap.cd.sttp.zcockpit.delegate.shared.outerPage.FooterDelegate.handleFooterMenuPressed"/>
-->	</Toolbar>
</core:FragmentDefinition>