<!-- 

 Copyright (C) 2009-2019 SAP SE or an SAP affiliate company. All rights reserved.

 --> 
<core:FragmentDefinition xmlns="sap.m" xmlns:core="sap.ui.core">
	<ActionSheet showCancelButton="false" placement="Top">
		<buttons>
			<Button text="{i18n>SHELL_NAV_SER_TRADE_ITMS}" id="ObjectsMaster"
				press="com.sap.cd.sttp.zcockpit.delegate.shared.outerPage.FooterDelegate.handleFooterMenuItemPressed"/>
			<Button text="{i18n>SHELL_NAV_LOTS}" id="LotsMaster" press="com.sap.cd.sttp.zcockpit.delegate.shared.outerPage.FooterDelegate.handleFooterMenuItemPressed"/>
			<Button text="{i18n>SHELL_NAV_SSCC}" id="ContainersMaster" press="com.sap.cd.sttp.zcockpit.delegate.shared.outerPage.FooterDelegate.handleFooterMenuItemPressed"/>
			<Button text="{i18n>SHELL_NAV_EVENTS}" id="EventsMaster" press="com.sap.cd.sttp.zcockpit.delegate.shared.outerPage.FooterDelegate.handleFooterMenuItemPressed"/>
			<Button text="{i18n>SHELL_NAV_REPEVENTS}" id="RepeventsMaster" press="com.sap.cd.sttp.zcockpit.delegate.shared.outerPage.FooterDelegate.handleFooterMenuItemPressed"/>
			<Button text="{i18n>SHELL_NAV_TRANSACTIONS}" id="TransactionsMaster" press="com.sap.cd.sttp.zcockpit.delegate.shared.outerPage.FooterDelegate.handleFooterMenuItemPressed"/>
			<Button text="{i18n>SHELL_NAV_AUTHREQUESTS}" id="AuthrequestsMaster" press="com.sap.cd.sttp.zcockpit.delegate.shared.outerPage.FooterDelegate.handleFooterMenuItemPressed"/>
		</buttons>
	</ActionSheet>
</core:FragmentDefinition>