<!-- 

 Copyright (C) 2009-2019 SAP SE or an SAP affiliate company. All rights reserved.

 --> 
<core:FragmentDefinition
  xmlns="sap.m"
  xmlns:core="sap.ui.core">
  <Dialog
    title="{i18n>GLOBAL_SEARCH_TITLE}"
    class="sapUiPopupWithPadding" >
    <subHeader>
      <Toolbar>
        <SearchField width="100%" search="com.sap.cd.sttp.zcockpit.delegate.shared.outerPage.FooterDelegate.handleGlobalSearchInvoked" />
      </Toolbar>
    </subHeader>
    <content>
      <Text 
        width="100%"
        text="{i18n>GLOBAL_SEARCH_INFO}" />
    </content>
    <beginButton>
      <Button text="{i18n>MSG_FILES_DIALOG_CANCEL}" press="com.sap.cd.sttp.zcockpit.delegate.shared.outerPage.FooterDelegate.handleCloseSearchDialog"/>
    </beginButton>
  </Dialog>
</core:FragmentDefinition>