<!-- 

 Copyright (C) 2009-2019 SAP SE or an SAP affiliate company. All rights reserved.

 --> 
<core:FragmentDefinition xmlns:core="sap.ui.core" xmlns="sap.m" xmlns:vbm="sap.ui.vbm" xmlns:commons="sap.ui.commons">
	
	<Text id="noMapText" text="{i18n>NO_MAP_PROVIDER}" visible="false"/>
	<vbm:GeoMap
		id="theMap"
		busy="false"
		busyIndicatorDelay="1000"
		visible="true"
		fieldGroupIds="[]"
		width="100%"
		height="100%"
		plugin="false"
		legendVisible="true"
		scaleVisible="true"
		navcontrolVisible="true"
		rectangularSelection="false"
		lassoSelection="false"
		rectZoom="false"
		initialZoom="7"
		intitialPosition="{Longitude};{Latitude};0"
		refMapLayerStack="Default"
		visualFrame=""
		clustering=""
		disableZoom="false"
		disablePan="false"
		validationSuccess=""
		validationError=""
		parseError=""
		formatError=""
		validateFieldGroup=""
		submit=""
		thumbnailClick=""
		render=""
		changeTrackingMode=""
		zoom=""
		move=""
		openWindow=""
		closeWindow=""
		click=""
		contextMenu=""
		drop=""
		select=""
		zoomChanged=""
		centerChanged="">
		
		<vbm:vos>
			<vbm:Spots>
				<vbm:items>
					<vbm:Spot
						id="theSpot"
						key=""
						hotScale="1.0;1.0;1.0"
						hotDeltaColor="RHLSA(0;1.3;1.0;1.0)"
						selectColor="RHLSA(0.0;1.0;1.0;1.0)"
						fxsize="true"
						fxdir="true"
						entity=""
						labelText=""
						labelType="None"
						labelBgColor="RGB(255;255;255)"
						labelBorderColor=""
						labelArrow="false"
						labelPos="5"
						changeable="false"
						dragData=""
						select="false"
						position="{Longitude};{Latitude};0"
						text=""
						image=""
						alignment="5"
						scale="1;1;1"
						imageSelected=""
						icon=""
						contentColor=""
						contentOffset="0;0"
						contentFont="arial"
						contentSize=""
						type=""
						validationSuccess=""
						validationError=""
						parseError=""
						formatError=""
						click=""
						contextMenu=""
						handleMoved=""
						handleContextMenu=""
						handleClick=""
						drop="">
					</vbm:Spot>
				</vbm:items>
			</vbm:Spots>
		</vbm:vos>
	</vbm:GeoMap>
	
	
	
	
	
	
	
	
	
	
	
	
	
</core:FragmentDefinition>