<!-- 

 Copyright (C) 2009-2019 SAP SE or an SAP affiliate company. All rights reserved.

 --> 
<core:FragmentDefinition xmlns="sap.m" xmlns:l="sap.ui.commons.layout" xmlns:f="sap.ui.layout.form" xmlns:core="sap.ui.core">
	<f:SimpleForm minWidth="1024" labelSpanM="3" labelSpanL="3" columnsL="1" columnsM="1" editable="false" layout="ResponsiveGridLayout">
		<core:Title text="{i18n>TRN_ADD_DATA_ITEM_HEADER}"/>
		<Label text="{/#Transaction/ShipFrLoc/@sap:label}" tooltip="{/#Transaction/ShipFrLoc/@sap:label}"/>
		<Text text="{ShipFrLoc} ({ShipFrLocLocno} - {ShipFrLocDescr})"/>
		<Label text="{/#Transaction/ShipToLoc/@sap:label}" tooltip="{/#Transaction/ShipToLoc/@sap:label}"/>
		<Text text="{ShipToLoc} ({ShipToLocLocno} - {ShipToLocDescr})"/>
		<Label text="{/#Transaction/SoldFrLoc/@sap:label}" tooltip="{/#Transaction/SoldFrLoc/@sap:label}"/>
		<Text text="{SoldFrLoc} ({SoldFrLocLocno} - {SoldFrLocDescr})"/>
		<Label text="{/#Transaction/SoldToLoc/@sap:label}" tooltip="{/#Transaction/SoldToLoc/@sap:label}"/>
		<Text text="{SoldToLoc} ({SoldToLocLocno} - {SoldToLocDescr})"/>
	</f:SimpleForm>
</core:FragmentDefinition>