<!-- 

 Copyright (C) 2009-2019 SAP SE or an SAP affiliate company. All rights reserved.

 --> 
<core:FragmentDefinition xmlns:core="sap.ui.core" xmlns:l="sap.ui.layout" xmlns="sap.m">
	<Table id="transactionsMasterTable" inset="false" width="auto" growing="false" class="marginInsideShellContainer sapUiSizeCompact" items="{Trn}"
		itemPress="com.sap.cd.sttp.zcockpit.delegate.shared.DetailsDelegate.handleTransactionPressed" showUnread="true"
		updateFinished="com.sap.cd.sttp.zcockpit.delegate.shared.DetailsDelegate.onTransactionsLoaded">
		<layoutData>
			<l:SplitterLayoutData size="60%"/>
		</layoutData>
		<columns>
			<Column minScreenWidth="Large" demandPopin="true">
				<Label text="{/#Transaction/Trncode/@sap:label}"/>
			</Column>
			<Column minScreenWidth="Large" demandPopin="false">
				<Label text="{/#Transaction/Bizttype/@sap:label}"/>
			</Column>
			<Column minScreenWidth="Large" demandPopin="false">
				<Label text="{/#Transaction/StatusTrn/@sap:label}"/>
			</Column>
			<Column minScreenWidth="Large" demandPopin="false">
				<Label text="{/#Transaction/Doctpe/@sap:label}"/>
			</Column>
			<core:Fragment fragmentName="com.sap.cd.sttp.zcockpit.extp.SHARED_DETAIL_TRANS_TABLE_COL" type="XML"/>
		</columns>
		<ColumnListItem type="Active">
			<cells>
				<Link text="{Trncode}" wrapping="true"
					press="com.sap.cd.sttp.zcockpit.delegate.shared.CrossNavigationDelegate.navToTransactionByButton"/>
				<Text text="{path: 'Bizttype', formatter: 'com.sap.cd.sttp.zcockpit.model.formatter.FixedValueFormatter.FixedValueBizTrnType'}"/>
				<Text text="{path: 'StatusTrn', formatter: 'com.sap.cd.sttp.zcockpit.model.formatter.FixedValueFormatter.FixedValueStatusTrn'}"/>
				<Text text="{path: 'Doctpe', formatter: 'com.sap.cd.sttp.zcockpit.model.formatter.FixedValueFormatter.FixedValueDoctpe'}"/>
				<core:Fragment fragmentName="com.sap.cd.sttp.zcockpit.extp.SHARED_DETAIL_TRANS_TABLE_CELL" type="XML"/>
			</cells>
		</ColumnListItem>
	</Table>
</core:FragmentDefinition>