<!-- 

 Copyright (C) 2009-2019 SAP SE or an SAP affiliate company. All rights reserved.

 --> 
<core:FragmentDefinition xmlns:core="sap.ui.core" xmlns:l="sap.ui.layout" xmlns:f="sap.ui.layout.form" xmlns="sap.m">
	<f:SimpleForm class="noPaddingTop" id="transactionDetailsForm" visible="false" minWidth="1024" editable="false" labelSpanM="3" labelSpanL="3" columnsL="1" columnsM="1"
		layout="ResponsiveGridLayout">
		<core:Title text="{i18n>OBJ_TRN_ERP_TITLE}"/>
		<Label text="{/#Transaction/Docnum/@sap:label}" tooltip="{/#Transaction/Docnum/@sap:label}"/>
		<Text text="{path: 'Docnum', formatter: 'com.sap.cd.sttp.zcockpit.model.formatter.GeneralFormatter.RemoveLeadingZeros'}"/>
		<Label text="{/#Transaction/Gln/@sap:label}" tooltip="{/#Transaction/Gln/@sap:label}"/>
		<Text text="{Gln}"/>
		<Label text="{/#Transaction/Logsys/@sap:label}" tooltip="{/#Transaction/Logsys/@sap:label}"/>
		<Text text="{Logsys}"/>
		<Label text="{/#Transaction/StatusHdr/@sap:label}" tooltip="{/#Transaction/StatusHdr/@sap:label}"/>
		<Text text="{path: 'StatusHdr', formatter: 'com.sap.cd.sttp.zcockpit.model.formatter.FixedValueFormatter.FixedValueStatusHdr'}"/>
	</f:SimpleForm>
</core:FragmentDefinition>