<!-- 

 Copyright (C) 2009-2019 SAP SE or an SAP affiliate company. All rights reserved.

 --> 
<core:FragmentDefinition xmlns:core="sap.ui.core" xmlns="sap.ui.table" xmlns:m="sap.m">
	<TreeTable id="treeTable" visibleRowCountMode="Auto" selectionMode="Single" selectionBehavior="RowOnly" editable="false"
		class="attTable" rowHeight="26">
		<columns>
			<Column id="Gs1EsB">
				<label>
					<m:Label text="{/#ObjItem/Gs1EsB/@sap:label}" tooltip="{/#ObjItem/Gs1EsB/@sap:label}"/>
				</label>
				<template>
					<m:Link text="{Gs1EsB}" tooltip="{Gs1EsB}" emphasized="{parts:['Id','settings>/HierarchyPath'], formatter: 'com.sap.cd.sttp.zcockpit.model.formatter.GeneralFormatter.LocateObject'}"
						press="com.sap.cd.sttp.zcockpit.delegate.shared.CrossNavigationDelegate.navToObjectByType"></m:Link>
				</template>
			</Column>
			<Column id="Objtype">
				<label>
					<m:Label text="{/#GenericObject/Objtype/@sap:label}" tooltip="{/#GenericObject/Objtype/@sap:label}"/>
				</label>
				<template>
					<m:Label text="{path: 'ObjType', formatter: 'com.sap.cd.sttp.zcockpit.model.formatter.FixedValueFormatter.FixedValueObjType'}"
						tooltip="{path: 'ObjType', formatter: 'com.sap.cd.sttp.zcockpit.model.formatter.FixedValueFormatter.FixedValueObjType'}"></m:Label>
				</template>
			</Column>
			<Column id="StatusStock">
				<label>
					<m:Label text="{/#ObjItem/StatusStock/@sap:label}" tooltip="{/#ObjItem/StatusStock/@sap:label}"/>
				</label>
				<template>
					<m:Label text="{path: 'StatusStock', formatter: 'com.sap.cd.sttp.zcockpit.model.formatter.FixedValueFormatter.FixedValueStatusStock'}"
					tooltip="{path: 'StatusStock', formatter: 'com.sap.cd.sttp.zcockpit.model.formatter.FixedValueFormatter.FixedValueStatusStock'}"></m:Label>
				</template>
			</Column>
			<Column id="StatusPack">
				<label>
					<m:Label text="{/#ObjItem/StatusPack/@sap:label}" tooltip="{/#ObjItem/StatusPack/@sap:label}"/>
				</label>
				<template>
					<m:Label text="{path: 'StatusPack', formatter: 'com.sap.cd.sttp.zcockpit.model.formatter.FixedValueFormatter.FixedValueStatusPack'}"
					 tooltip="{path: 'StatusPack', formatter: 'com.sap.cd.sttp.zcockpit.model.formatter.FixedValueFormatter.FixedValueStatusPack'}"></m:Label>
				</template>
			</Column>
			<Column id="Disposition">
				<label>
					<m:Label text="{/#ObjItem/Disposition/@sap:label}" tooltip="{/#ObjItem/Disposition/@sap:label}"/>
				</label>
				<template>
					<m:Label text="{path: 'Disposition', formatter: 'com.sap.cd.sttp.zcockpit.model.formatter.FixedValueFormatter.FixedValueDisposition'}"
					tooltip="{path: 'Disposition', formatter: 'com.sap.cd.sttp.zcockpit.model.formatter.FixedValueFormatter.FixedValueDisposition'}"></m:Label>
				</template>
			</Column>
			<Column id="Lotno">
				<label>
					<m:Label text="{/#ObjItem/Lotno/@sap:label}" tooltip="{/#ObjItem/Lotno/@sap:label}"/>
				</label>
				<template>
					<m:Label text="{Lotno}" tooltip="{Lotno}"></m:Label>
				</template>
			</Column>
			<Column id="Quantity">
				<label>
					<m:Label text="{/#HierarchyNode/Quantity/@sap:label}" tooltip="{/#HierarchyNode/Quantity/@sap:label}"/>
				</label>
				<template>
					<m:Label text="{Quantity}" tooltip="{Quantity}"></m:Label>
				</template>
			</Column>
			<Column id="UoM">
				<label>
					<m:Label text="{/#HierarchyNode/UoM/@sap:label}" tooltip="{/#HierarchyNode/UoM/@sap:label}"/>
				</label>
				<template>
					<m:Label text="{UoM}" tooltip="{UoM}"></m:Label>
				</template>
			</Column>
			<core:Fragment fragmentName="com.sap.cd.sttp.zcockpit.extp.SHARED_DETAIL_HIERARCHY_TABLE_COL" type="XML"/>
		</columns>
	</TreeTable>
</core:FragmentDefinition>