<!-- 

 Copyright (C) 2009-2019 SAP SE or an SAP affiliate company. All rights reserved.

 --> 
<core:FragmentDefinition xmlns:core="sap.ui.core" xmlns:l="sap.ui.layout" xmlns:f="sap.ui.layout.form" xmlns="sap.m">
	<f:SimpleForm binding="{Evt}" id="eventDetail" editable="false" minWidth="1024" maxContainerCols="3" layout="ResponsiveGridLayout" columnsL="3" columnsM="3">
		<core:Title text="{i18n>OBJ_EVT_DETAILS_HEADER}"/>

		<Label text="{/#Event/Evttime/@sap:label}" tooltip="{/#Event/Evttime/@sap:label}"/>
		<Link text="{path: 'Evttime', type: 'sap.ui.model.type.DateTime', formatOptions: { pattern: 'yyyy-MM-dd HH:mm:ss',UTC:true}} {Evttzoneoffset}"
			press="com.sap.cd.sttp.zcockpit.delegate.shared.CrossNavigationDelegate.navToEventByButton"/>
		<Label text="{/#Event/Evttype/@sap:label}" tooltip="{/#Event/Evttype/@sap:label}"/>
		<Text text="{path: 'Evttype', formatter: 'com.sap.cd.sttp.zcockpit.model.formatter.FixedValueFormatter.FixedValueEvttype'}"/>
		<Label text="{/#Event/Bizstep/@sap:label}" tooltip="{/#Event/Bizstep/@sap:label}"/>
		<Text text="{path: 'Bizstep', formatter: 'com.sap.cd.sttp.zcockpit.model.formatter.FixedValueFormatter.FixedValueBizstep'}"/>
		<Label text="{/#Event/Evtaction/@sap:label}" tooltip="{/#Event/Evtaction/@sap:label}"/>
		<Text text="{Evtaction}"/>
		<Label text="{/#Event/Disposition/@sap:label}" tooltip="{/#Event/Disposition/@sap:label}"/>
		<Text text="{path: 'Disposition', formatter: 'com.sap.cd.sttp.zcockpit.model.formatter.FixedValueFormatter.FixedValueDisposition'}"/>
		<Label text="{i18n>COLUMN_TITLE_FILE}" tooltip="{i18n>COLUMN_TITLE_FILE}"/>
		<Link text="{i18n>SHOW_FILE}" press="com.sap.cd.sttp.zcockpit.delegate.shared.MessageFileDelegate.onShowEPCISMessageFilePress"
                        tooltip="{i18n>SHOW_FILE}"></Link>

		<core:Title text="{i18n>OBJ_EVT_DETAILS_LOC_HEADER}"/>
		<Label text="{/#Event/BizlocGln/@sap:label}" tooltip="{/#Event/BizlocGln/@sap:label}"/>
		<Text text="{BizlocGln}"/>
		<Label text="{/#Event/BizlocGlnExt/@sap:label}" tooltip="{/#Event/BizlocGlnExt/@sap:label}"/>
		<Text text="{BizlocGlnExt}"/>
		<Label text="{/#Event/BizlocEpcIdUri/@sap:label}" tooltip="{/#Event/BizlocEpcIdUri/@sap:label}"/>
		<Text text="{BizlocEpcIdUri}"/>
		<Label text="{/#Event/BizlocLocno/@sap:label}" tooltip="{/#Event/BizlocLocno/@sap:label}"/>
		<Text text="{BizlocLocno}"/>
		<Label text="{/#Event/BizlocLocDescr/@sap:label}" tooltip="{/#Event/BizlocLocDescr/@sap:label}"/>
		<Text text="{BizlocLocDescr}"/>

		<core:Title text="{i18n>OBJ_EVT_DETAILS_READPOINT_HEADER}"/>
		<Label text="{/#Event/ReadpntGln/@sap:label}" tooltip="{/#Event/ReadpntGln/@sap:label}"/>
		<Text text="{ReadpntGln}"/>
		<Label text="{/#Event/ReadpntGlnExt/@sap:label}" tooltip="{/#Event/ReadpntGlnExt/@sap:label}"/>
		<Text text="{ReadpntGlnExt}"/>
		<Label text="{/#Event/ReadpntEpcIdUri/@sap:label}" tooltip="{/#Event/ReadpntEpcIdUri/@sap:label}"/>
		<Text text="{ReadpntEpcIdUri}"/>
		<Label text="{/#Event/ReadpntLocno/@sap:label}" tooltip="{/#Event/ReadpntLocno/@sap:label}"/>
		<Text text="{ReadpntLocno}"/>
		<Label text="{/#Event/ReadpntLocDescr/@sap:label}" tooltip="{/#Event/ReadpntLocDescr/@sap:label}"/>
		<Text text="{ReadpntLocDescr}"/>
	</f:SimpleForm>
</core:FragmentDefinition>