<!-- 

 Copyright (C) 2009-2019 SAP SE or an SAP affiliate company. All rights reserved.

 --> 
<core:FragmentDefinition xmlns:core="sap.ui.core" xmlns="sap.m" xmlns:table="sap.ui.table">
	<table:Table id="AuthReqObjTable" visibleRowCountMode="Auto" selectionMode="Single" selectionBehavior="RowOnly" editable="false"
		class="attTable" rowHeight="26">
		<table:columns>
			<table:Column id="AuthItm">
				<Label text="{/#AuthReqObject/AuthItm/@sap:label}" tooltip="{/#AuthReqObject/AuthItm/@sap:label}"></Label>
				<table:template>
					<Label text="{AuthItm}"></Label>
				</table:template>
			</table:Column>
			<table:Column id="AuthObjCode">
				<Label text="{/#AuthReqObject/AuthObjCode/@sap:label}" tooltip="{/#AuthReqObject/AuthObjCode/@sap:label}"/>
				<table:template>
					<Link text="{AuthObjCode}" tooltip="{AuthObjCode}" press="com.sap.cd.sttp.zcockpit.delegate.shared.outerPage.FooterDelegate.handleGlobalSearchInvoked"/>
				</table:template>
			</table:Column>
			<table:Column id="StatusSgtin">
				<Label text="{/#AuthReqObject/StatusSgtin/@sap:label}" tooltip="{/#AuthReqObject/StatusSgtin/@sap:label}"/>
				<table:template>
					<Text wrapping="false" text="{StatusSgtin}" tooltip="{StatusSgtin}"/>
				</table:template>
			</table:Column>
			<table:Column id="StatusLgtin">
				<Label text="{/#AuthReqObject/StatusLgtin/@sap:label}" tooltip="{/#AuthReqObject/StatusLgtin/@sap:label}"/>
				<table:template>
					<Text wrapping="false" text="{StatusLgtin}" tooltip="{StatusLgtin}"/>
				</table:template>
			</table:Column>
			<table:Column id="StatusExpiry">
				<Label text="{/#AuthReqObject/StatusExpiry/@sap:label}" tooltip="{/#AuthReqObject/StatusExpiry/@sap:label}"/>
				<table:template>
					<Text wrapping="false" text="{StatusExpiry}" tooltip="{StatusExpiry}"/>
				</table:template>
			</table:Column>
			<table:Column id="StatusManuf">
				<Label text="{/#AuthReqObject/StatusManuf/@sap:label}" tooltip="{/#AuthReqObject/StatusManuf/@sap:label}"/>
				<table:template>
					<Text wrapping="false" text="{StatusManuf}" tooltip="{StatusManuf}"/>
				</table:template>
			</table:Column>
			<table:Column id="AuthResultDescr">
				<Label text="{/#AuthReqObject/AuthResultDescr/@sap:label}" tooltip="{/#AuthReqObject/AuthResultDescr/@sap:label}"/>
				<table:template>
					<Text wrapping="false" text="{AuthResultDescr}" tooltip="{AuthResultDescr}"/>
				</table:template>
			</table:Column>
			<core:Fragment fragmentName="com.sap.cd.sttp.zcockpit.extp.AUTHREQ_DETAIL_RELOBJ_TABLE_COL" type="XML"/>
		</table:columns>
	</table:Table>
</core:FragmentDefinition>