<!-- 

 Copyright (C) 2009-2019 SAP SE or an SAP affiliate company. All rights reserved.

 --> 
<core:FragmentDefinition xmlns:core="sap.ui.core" xmlns:l="sap.ui.layout" xmlns="sap.m" xmlns:fb="sap.ui.comp.filterbar"
	xmlns:app="http://schemas.sap.com/sapui5/extension/sap.ui.core.CustomData/1">
	<fb:FilterBar id="filterbar" search="com.sap.cd.sttp.zcockpit.delegate.shared.MasterFilterDelegate.onSearch" app:entitySet="/TransactionSet"
		class="marginInsideShellTransaction" showRestoreButton="false" showClearButton="true" showClearOnFB="true" filterBarExpanded="true"
		clear="com.sap.cd.sttp.zcockpit.delegate.shared.MasterFilterDelegate.onClear" persistencyKey="filterbarTransactions">
		<fb:filterItems>
			<fb:FilterItem name="Docnum" label="{/#Transaction/Docnum/@sap:label}" visibleInFilterBar="true">
				<fb:control>
					<Input name="Docnum" type="Text"
						placeholder="{parts:['i18n>ENTER_PLACEHOLDER', '/#Transaction/Docnum/@sap:label'], formatter: 'jQuery.sap.formatMessage'}"/>
				</fb:control>
			</fb:FilterItem>
			<fb:FilterItem name="Doctpe" label="{/#Transaction/Doctpe/@sap:label}" visibleInFilterBar="true">
				<fb:control>
					<Select name="Doctpe" items="{templateShareable: false, path:'fixedValues>/FixedValueSet/Doctpe'}">
						<core:Item key="{fixedValues>Domvalue_l}" text="{fixedValues>Domvalue_l} - {fixedValues>Ddtext}"/>
					</Select>
				</fb:control>
			</fb:FilterItem>
			<fb:FilterItem name="Docyr" label="{/#Transaction/Docyr/@sap:label}" visibleInFilterBar="false">
				<fb:control>
					<Input name="Docyr" type="Text"
						placeholder="{parts:['i18n>ENTER_PLACEHOLDER', '/#Transaction/Docyr/@sap:label'], formatter: 'jQuery.sap.formatMessage'}"/>
				</fb:control>
			</fb:FilterItem>
			<fb:FilterItem name="StatusTrn" label="{/#Transaction/StatusTrn/@sap:label}" visibleInFilterBar="false">
				<fb:control>
					<Select name="StatusTrn" items="{templateShareable: false, path:'fixedValues>/FixedValueSet/StatusTrn'}">
						<core:Item key="{fixedValues>Domvalue_l}" text="{fixedValues>Domvalue_l} - {fixedValues>Ddtext}"/>
					</Select>
				</fb:control>
			</fb:FilterItem>
			<fb:FilterItem name="Trncode" label="{/#Transaction/Trncode/@sap:label}" visibleInFilterBar="false">
				<fb:control>
					<Input id="inputTrnCode" name="Trncode" type="Text"
						placeholder="{parts:['i18n>ENTER_PLACEHOLDER', '/#Transaction/Trncode/@sap:label'], formatter: 'jQuery.sap.formatMessage'}"/>
				</fb:control>
			</fb:FilterItem>
			<fb:FilterItem name="Bizttype" label="{/#Transaction/Bizttype/@sap:label}" visibleInFilterBar="false">
				<fb:control>
					<Select name="Bizttype" items="{templateShareable: false, path:'fixedValues>/FixedValueSet/BizTrnType'}">
						<core:Item key="{fixedValues>Domvalue_l}" text="{fixedValues>Domvalue_l} - {fixedValues>Ddtext}"/>
					</Select>
				</fb:control>
			</fb:FilterItem>
			<fb:FilterItem name="ShipFrLoc" label="{/#Transaction/ShipFrLoc/@sap:label}" visibleInFilterBar="false">
				<fb:control>
					<Input name="ShipFrLoc" type="Text"
						placeholder="{parts:['i18n>ENTER_PLACEHOLDER', '/#Transaction/ShipFrLoc/@sap:label'], formatter: 'jQuery.sap.formatMessage'}"/>
				</fb:control>
			</fb:FilterItem>
			<fb:FilterItem name="ShipToLoc" label="{/#Transaction/ShipToLoc/@sap:label}" visibleInFilterBar="false">
				<fb:control>
					<Input name="ShipToLoc" type="Text"
						placeholder="{parts:['i18n>ENTER_PLACEHOLDER', '/#Transaction/ShipToLoc/@sap:label'], formatter: 'jQuery.sap.formatMessage'}"/>
				</fb:control>
			</fb:FilterItem>
			<fb:FilterItem name="SoldFrLoc" label="{/#Transaction/SoldFrLoc/@sap:label}" visibleInFilterBar="false">
				<fb:control>
					<Input name="SoldFrLoc" type="Text"
						placeholder="{parts:['i18n>ENTER_PLACEHOLDER', '/#Transaction/SoldFrLoc/@sap:label'], formatter: 'jQuery.sap.formatMessage'}"/>
				</fb:control>
			</fb:FilterItem>
			<fb:FilterItem name="SoldToLoc" label="{/#Transaction/SoldToLoc/@sap:label}" visibleInFilterBar="false">
				<fb:control>
					<Input name="SoldToLoc" type="Text"
						placeholder="{parts:['i18n>ENTER_PLACEHOLDER', '/#Transaction/SoldToLoc/@sap:label'], formatter: 'jQuery.sap.formatMessage'}"/>
				</fb:control>
			</fb:FilterItem>
			<fb:FilterItem name="ModifiedUser" label="{/#Transaction/ModifiedUser/@sap:label}" visibleInFilterBar="false">
				<fb:control>
					<Input name="ModifiedUser" app:fragment="User" type="Text"
						placeholder="{parts:['i18n>ENTER_PLACEHOLDER', '/#Transaction/ModifiedUser/@sap:label'], formatter: 'jQuery.sap.formatMessage'}"
						showValueHelp="true" valueHelpRequest="com.sap.cd.sttp.zcockpit.delegate.shared.MasterFilterDelegate.handleValueHelpRequest"/>
				</fb:control>
			</fb:FilterItem>
			<fb:FilterItem name="ModifiedTime_From" label="{i18n>MODIFIED_TIME_FROM}" visibleInFilterBar="false">
				<fb:control>
					<DateTimeInput type="DateTime" valueFormat="yyyyMMddHHmmss" name="ModifiedTime_From" displayFormat="yyyy-MM-dd HH:mm"
						placeholder="{parts:['i18n>ENTER_PLACEHOLDER', 'i18n>MODIFIED_TIME_FROM'], formatter: 'jQuery.sap.formatMessage'}"/>
				</fb:control>
			</fb:FilterItem>
			<fb:FilterItem name="ModifiedTime_To" label="{i18n>MODIFIED_TIME_TO}" visibleInFilterBar="false">
				<fb:control>
					<DateTimeInput type="DateTime" valueFormat="yyyyMMddHHmmss" name="ModifiedTime_To" displayFormat="yyyy-MM-dd HH:mm"
						placeholder="{parts:['i18n>ENTER_PLACEHOLDER', 'i18n>MODIFIED_TIME_TO'], formatter: 'jQuery.sap.formatMessage'}"/>
				</fb:control>
			</fb:FilterItem>
		</fb:filterItems>
	</fb:FilterBar>
</core:FragmentDefinition>