<!-- 

 Copyright (C) 2009-2019 SAP SE or an SAP affiliate company. All rights reserved.

 --> 
<core:FragmentDefinition xmlns:core="sap.ui.core" xmlns="sap.m" xmlns:table="sap.ui.table">
	<table:Table id="masterTable" visibleRowCountMode="Auto" selectionMode="Single" selectionBehavior="RowOnly" editable="false"
		class="attTable attMasterTable" rowHeight="26" noData="{i18n>MASTER_TABLE_NO_DATA}">
		<table:toolbar>
			<Toolbar>
				<Label text="{i18n>TRNLIST_HEADER}"></Label>
				<ToolbarSpacer></ToolbarSpacer>
				<Button type="Transparent" id="persButton" icon="sap-icon://action-settings" tooltip="{i18n>OBJLIST_PERSONALIZE_BUTTON}"/>
				<Button type="Transparent" icon="sap-icon://excel-attachment" press="com.sap.cd.sttp.zcockpit.delegate.shared.ExportDelegate.exportDataFromTable"
					tooltip="{i18n>OBJLIST_EXPORT_BUTTON}"/>
			</Toolbar>
		</table:toolbar>
		<table:columns>
			<table:Column width="auto" sortProperty="Trncode" id="Trncode">
				<Label text="{/#Transaction/Trncode/@sap:label}" tooltip="{/#Transaction/Trncode/@sap:label}"></Label>
				<table:template>
					<Link text="{Trncode}" tooltip="{Trncode}" press="com.sap.cd.sttp.zcockpit.delegate.shared.CrossNavigationDelegate.navToTransaction"></Link>
				</table:template>
			</table:Column>
			<table:Column width="auto" sortProperty="Bizttype" id="Bizttype">
				<Label text="{/#Transaction/Bizttype/@sap:label}" tooltip="{/#Transaction/Bizttype/@sap:label}"/>
				<table:template>
					<Text wrapping="false" text="{path: 'Bizttype', formatter: 'com.sap.cd.sttp.zcockpit.model.formatter.FixedValueFormatter.FixedValueBizTrnType'}"
						tooltip="{path: 'Bizttype', formatter: 'com.sap.cd.sttp.zcockpit.model.formatter.FixedValueFormatter.FixedValueBizTrnType'}"></Text>
				</table:template>
			</table:Column>
			<table:Column width="auto" sortProperty="StatusTrn" id="StatusTrn">
				<Label text="{/#Transaction/StatusTrn/@sap:label}" tooltip="{/#Transaction/StatusTrn/@sap:label}"/>
				<table:template>
					<Text wrapping="false" text="{path: 'StatusTrn', formatter: 'com.sap.cd.sttp.zcockpit.model.formatter.FixedValueFormatter.FixedValueStatusTrn'}"
						tooltip="{path: 'StatusTrn', formatter: 'com.sap.cd.sttp.zcockpit.model.formatter.FixedValueFormatter.FixedValueStatusTrn'}"></Text>
				</table:template>
			</table:Column>
			<table:Column width="auto" sortProperty="Docnum" id="Docnum">
				<Label text="{/#Transaction/Docnum/@sap:label}" tooltip="{/#Transaction/Docnum/@sap:label}"/>
				<table:template>
					<Text wrapping="false" text="{path: 'Docnum', formatter: 'com.sap.cd.sttp.zcockpit.model.formatter.GeneralFormatter.RemoveLeadingZeros'}"
						tooltip="{path: 'Docnum', formatter: 'com.sap.cd.sttp.zcockpit.model.formatter.GeneralFormatter.RemoveLeadingZeros'}"/>
				</table:template>
			</table:Column>
			<table:Column width="auto" sortProperty="Doctpe" id="Doctpe">
				<Label text="{/#Transaction/Doctpe/@sap:label}" tooltip="{/#Transaction/Doctpe/@sap:label}"/>
				<table:template>
					<Text wrapping="false" text="{path: 'Doctpe', formatter: 'com.sap.cd.sttp.zcockpit.model.formatter.FixedValueFormatter.FixedValueDoctpe'}"
						tooltip="{path: 'Doctpe', formatter: 'com.sap.cd.sttp.zcockpit.model.formatter.FixedValueFormatter.FixedValueDoctpe'}"/>
				</table:template>
			</table:Column>
			<table:Column width="auto" sortProperty="Gln" id="Gln">
				<Label text="{/#Transaction/Gln/@sap:label}" tooltip="{/#Transaction/Gln/@sap:label}"/>
				<table:template>
					<Text wrapping="false" text="{Gln}" tooltip="{Gln}"/>
				</table:template>
			</table:Column>
			<table:Column width="auto" sortProperty="Logsys" id="Logsys">
				<Label text="{/#Transaction/Logsys/@sap:label}" tooltip="{/#Transaction/Logsys/@sap:label}"/>
				<table:template>
					<Text wrapping="false" text="{Logsys}" tooltip="{Logsys}"/>
				</table:template>
			</table:Column>
			<table:Column width="auto" sortProperty="StatusHdr" id="StatusHdr">
				<Label text="{/#Transaction/StatusHdr/@sap:label}" tooltip="{/#Transaction/StatusHdr/@sap:label}"/>
				<table:template>
					<Text wrapping="false" text="{path: 'StatusHdr', formatter: 'com.sap.cd.sttp.zcockpit.model.formatter.FixedValueFormatter.FixedValueStatusHdr'}"
						tooltip="{path: 'StatusHdr', formatter: 'com.sap.cd.sttp.zcockpit.model.formatter.FixedValueFormatter.FixedValueStatusHdr'}"/>
				</table:template>
			</table:Column>
			<table:Column width="auto" visible="false" sortProperty="Docyr" id="Docyr">
				<Label text="{/#Transaction/Docyr/@sap:label}" tooltip="{/#Transaction/Docyr/@sap:label}"/>
				<table:template>
					<Text wrapping="false" text="{Docyr}" tooltip="{Docyr}"/>
				</table:template>
			</table:Column>
			<table:Column width="auto" visible="false" sortProperty="ShipFrLoc" id="ShipFrLoc">
				<Label text="{/#Transaction/ShipFrLoc/@sap:label}" tooltip="{/#Transaction/ShipFrLoc/@sap:label}"/>
				<table:template>
					<Text wrapping="false" text="{ShipFrLoc}" tooltip="{ShipFrLoc}"/>
				</table:template>
			</table:Column>
			<table:Column width="auto" visible="false" sortProperty="ShipToLoc" id="ShipToLoc">
				<Label text="{/#Transaction/ShipToLoc/@sap:label}" tooltip="{/#Transaction/ShipToLoc/@sap:label}"/>
				<table:template>
					<Text wrapping="false" text="{ShipToLoc}" tooltip="{ShipToLoc}"/>
				</table:template>
			</table:Column>
			<table:Column width="auto" visible="false" sortProperty="SoldFrLoc" id="SoldFrLoc">
				<Label text="{/#Transaction/SoldFrLoc/@sap:label}" tooltip="{/#Transaction/SoldFrLoc/@sap:label}"/>
				<table:template>
					<Text wrapping="false" text="{SoldFrLoc}" tooltip="{SoldFrLoc}"/>
				</table:template>
			</table:Column>
			<table:Column width="auto" visible="false" sortProperty="SoldToLoc" id="SoldToLoc">
				<Label text="{/#Transaction/SoldToLoc/@sap:label}" tooltip="{/#Transaction/SoldToLoc/@sap:label}"/>
				<table:template>
					<Text wrapping="false" text="{SoldToLoc}" tooltip="{SoldToLoc}"/>
				</table:template>
			</table:Column>
			<table:Column width="auto" visible="false" sortProperty="Storage" id="Storage">
				<Label text="{/#Transaction/Storage/@sap:label}" tooltip="{/#Transaction/Storage/@sap:label}"/>
				<table:template>
					<Text wrapping="false" text="{Storage}" tooltip="{Storage}"/>
				</table:template>
			</table:Column>
			<table:Column width="auto" visible="false" sortProperty="CreationUser" id="CreationUser">
				<Label text="{/#Transaction/CreationUser/@sap:label}" tooltip="{/#Transaction/CreationUser/@sap:label}"/>
				<table:template>
					<Text wrapping="false" text="{CreationUser}" tooltip="{CreationUser}"/>
				</table:template>
			</table:Column>
			<table:Column width="auto" visible="false" sortProperty="ModifiedUser" id="ModifiedUser">
				<Label text="{/#Transaction/ModifiedUser/@sap:label}" tooltip="{/#Transaction/ModifiedUser/@sap:label}"/>
				<table:template>
					<Text wrapping="false" text="{ModifiedUser}" tooltip="{ModifiedUser}"/>
				</table:template>
			</table:Column>
			<table:Column width="auto" visible="false" sortProperty="CreationTime" id="CreationTime">
				<Label text="{/#Transaction/CreationTime/@sap:label}" tooltip="{/#Transaction/CreationTime/@sap:label}"/>
				<table:template>
					<Text wrapping="false" text="{path: 'CreationTime', type: 'sap.ui.model.type.DateTime', formatOptions: { UTC:false, pattern: 'yyyy-MM-dd HH:mm:ss'}}"
						tooltip="{path: 'CreationTime', type: 'sap.ui.model.type.DateTime', formatOptions: { UTC:false, pattern: 'yyyy-MM-dd HH:mm:ss'}}"/>
				</table:template>
			</table:Column>
			<table:Column width="auto" visible="false" sortProperty="ModifiedTime" id="ModifiedTime">
				<Label text="{/#Transaction/ModifiedTime/@sap:label}" tooltip="{/#Transaction/ModifiedTime/@sap:label}"/>
				<table:template>
					<Text wrapping="false" text="{path: 'ModifiedTime', type: 'sap.ui.model.type.DateTime', formatOptions: { UTC:false, pattern: 'yyyy-MM-dd HH:mm:ss'}}"
						tooltip="{path: 'ModifiedTime', type: 'sap.ui.model.type.DateTime', formatOptions: { UTC:false, pattern: 'yyyy-MM-dd HH:mm:ss'}}"/>
				</table:template>
			</table:Column>
			<core:Fragment fragmentName="com.sap.cd.sttp.zcockpit.extp.TRANS_MASTER_TABLE_COL" type="XML"/>
		</table:columns>
	</table:Table>
</core:FragmentDefinition>