<!-- 

 Copyright (C) 2009-2019 SAP SE or an SAP affiliate company. All rights reserved.

 --> 
<core:FragmentDefinition xmlns:core="sap.ui.core" xmlns:l="sap.ui.layout" xmlns="sap.m">
	<Table id="srcDestTable" inset="false" width="auto" growing="false" class="marginInsideShellContainer sapUiSizeCompact" mode="None" items="{SrcDest}">
		<columns>			
			<Column minScreenWidth="Large" demandPopin="true">
				<Label text="{/#SrcDest/SdCat/@sap:label}"/>
			</Column>
			<Column minScreenWidth="Large" demandPopin="true">
				<Label text="{/#SrcDest/SdType/@sap:label}"/>
			</Column>
			<Column minScreenWidth="Large" demandPopin="true">
				<Label text="{/#SrcDest/SdGln/@sap:label}"/>
			</Column>
			<Column minScreenWidth="Large" demandPopin="true">
				<Label text="{/#SrcDest/SdGlnExt/@sap:label}"/>
			</Column>
			<Column minScreenWidth="Large" demandPopin="true">
				<Label text="{/#SrcDest/SdLocno/@sap:label}"/>
			</Column>
			<Column minScreenWidth="Large" demandPopin="true">
				<Label text="{/#SrcDest/SdLocDescr/@sap:label}"/>
			</Column>
			<Column minScreenWidth="Large" demandPopin="true">
				<Label text="{/#SrcDest/SdBupno/@sap:label}"/>
			</Column>
			<Column minScreenWidth="Large" demandPopin="true">
				<Label text="{/#SrcDest/SdBupDescr/@sap:label}"/>
			</Column>
			<core:Fragment fragmentName="com.sap.cd.sttp.zcockpit.extp.EVENT_DETAIL_SRCDEST_TABLE_COL" type="XML"/>
		</columns>
		<ColumnListItem type="Active">
			<cells>				
				<Text text="{path: 'SdCat', formatter: 'com.sap.cd.sttp.zcockpit.model.formatter.FixedValueFormatter.FixedValueSdCat'}"/>
				<Text text="{path: 'SdType', formatter: 'com.sap.cd.sttp.zcockpit.model.formatter.FixedValueFormatter.FixedValueSdType'}"/>
				<Text text="{SdGln}"/>
				<Text text="{SdGlnExt}"/>
				<Text text="{path: 'SdLocno', formatter: 'com.sap.cd.sttp.zcockpit.model.formatter.GeneralFormatter.RemoveLeadingZeros'}"/>
				<Text text="{SdLocDescr}"/>
				<Text text="{path: 'SdBupno', formatter: 'com.sap.cd.sttp.zcockpit.model.formatter.GeneralFormatter.RemoveLeadingZeros'}"/>
				<Text text="{SdBupDescr}"/>
				<core:Fragment fragmentName="com.sap.cd.sttp.zcockpit.extp.EVENT_DETAIL_SRCDEST_TABLE_CELL" type="XML"/>
			</cells>
		</ColumnListItem>
	</Table>
</core:FragmentDefinition>