<!-- 

 Copyright (C) 2009-2019 SAP SE or an SAP affiliate company. All rights reserved.

 --> 
<core:FragmentDefinition xmlns:core="sap.ui.core" xmlns:l="sap.ui.layout" xmlns:f="sap.ui.layout.form" xmlns="sap.m">
	<f:SimpleForm minWidth="1024" maxContainerCols="3" editable="false" layout="ResponsiveGridLayout" columnsL="3" columnsM="3"> 
		<core:Title text="{i18n>CONT_ATTR_IDENTIFIERS_HEADER}"/>
		<Label text="{/#Container/Gs1EsB/@sap:label}" tooltip="{/#Container/Gs1EsB/@sap:label}"/>
		<Text text="{Gs1EsB}"/>
		<Label text="{/#Container/EpcIdUri/@sap:label}" tooltip="{/#Container/EpcIdUri/@sap:label}"/>
		<Text text="{EpcIdUri}"/>
		<Label text="{/#Container/Owner/@sap:label}" tooltip="{/#Container/Owner/@sap:label}"/>
		<Text text="{Owner}"/>
		<Label text="{/#Container/Serial/@sap:label}" tooltip="{/#Container/Serial/@sap:label}"/>
		<Text text="{Serial}"/>
		<core:Title text="{i18n>OBJ_ATTR_LOC_HEADER}"/>
		<Label text="{/#Container/Gln/@sap:label}" tooltip="{/#Container/Gln/@sap:label}"/>
		<Text text="{Gln}"/>
		<Label text="{/#Container/GlnExt/@sap:label}" tooltip="{/#Container/GlnExt/@sap:label}"/>
		<Text text="{GlnExt}"/>
		<Label text="{/#Container/Locno/@sap:label}" tooltip="{/#Container/Locno/@sap:label}"/>
		<Text text="{Locno}"/>
		<Label text="{/#Container/LocDescr/@sap:label}" tooltip="{/#Container/LocDescr/@sap:label}"/>
		<Text text="{LocDescr}"/>
		<Label text="{/#Container/EpcIdUriLoc/@sap:label}" tooltip="{/#Container/EpcIdUriLoc/@sap:label}"/>
		<Text text="{path:'EpcIdUriLoc'} "/>
		<core:Title text="{i18n>CONT_ATTR_SSCC_HEADER}"/>
		<Label text="{/#Container/StatusObj/@sap:label}" tooltip="{/#Container/StatusObj/@sap:label}"/>
		<Text text="{path: 'StatusObj', formatter: 'com.sap.cd.sttp.zcockpit.model.formatter.FixedValueFormatter.FixedValueStatusObj'}"/>
		<Label text="{/#Container/StatusStock/@sap:label}" tooltip="{/#Container/StatusStock/@sap:label}"/>
		<Text text="{path: 'StatusStock', formatter: 'com.sap.cd.sttp.zcockpit.model.formatter.FixedValueFormatter.FixedValueStatusStock'}"/>
		<Label text="{/#Container/StatusPack/@sap:label}" tooltip="{/#Container/StatusPack/@sap:label}"/>
		<Text text="{path: 'StatusPack', formatter: 'com.sap.cd.sttp.zcockpit.model.formatter.FixedValueFormatter.FixedValueStatusPack'}"/>
		<Label text="{/#Container/Disposition/@sap:label}" tooltip="{/#Container/Disposition/@sap:label}"/>
		<Text text="{path: 'Disposition', formatter: 'com.sap.cd.sttp.zcockpit.model.formatter.FixedValueFormatter.FixedValueDisposition'}"/>
	</f:SimpleForm>
</core:FragmentDefinition>