<!-- 

 Copyright (C) 2009-2019 SAP SE or an SAP affiliate company. All rights reserved.

 --> 
<core:FragmentDefinition xmlns:core="sap.ui.core" xmlns:l="sap.ui.layout" xmlns="sap.m" xmlns:uxap="sap.uxap">
	<l:VerticalLayout>
		<l:layoutData>
			<uxap:ObjectPageHeaderLayoutData/>
		</l:layoutData>
		<ObjectStatus title="{/#Container/EpcIdUri/@sap:label}" text="{EpcIdUri}"/>
		<ObjectStatus title="{/#Container/Owner/@sap:label}" text="{Owner}"/>
		<ObjectStatus title="{/#Container/Serial/@sap:label}" text="{Serial}"/>
	</l:VerticalLayout>

	<l:VerticalLayout>
		<l:layoutData>
			<uxap:ObjectPageHeaderLayoutData/>
		</l:layoutData>
		<ObjectStatus title="{/#Container/Gln/@sap:label}" text="{Gln} / {GlnExt}"/>
		<ObjectStatus title="{/#Container/Locno/@sap:label}" text="{Locno}"/>
		<ObjectStatus title="{/#Container/LocDescr/@sap:label}" text="{LocDescr}"/>
		<ObjectStatus title="{/#Container/EpcIdUriLoc/@sap:label}" text="{EpcIdUriLoc}"/>	
	</l:VerticalLayout>

	<l:VerticalLayout>
		<l:layoutData>
			<uxap:ObjectPageHeaderLayoutData/>
		</l:layoutData>
		<ObjectStatus title="{/#Container/StatusObj/@sap:label}" text="{path: 'StatusObj', formatter: 'com.sap.cd.sttp.zcockpit.model.formatter.FixedValueFormatter.FixedValueStatusObj'}"/>
		<ObjectStatus title="{/#Container/StatusStock/@sap:label}" text="{path: 'StatusStock', formatter: 'com.sap.cd.sttp.zcockpit.model.formatter.FixedValueFormatter.FixedValueStatusStock'}"/>
		<ObjectStatus title="{/#Container/StatusPack/@sap:label}" text="{path: 'StatusPack', formatter: 'com.sap.cd.sttp.zcockpit.model.formatter.FixedValueFormatter.FixedValueStatusPack'}"/>
		<ObjectStatus title="{/#Container/Disposition/@sap:label}" text="{path: 'Disposition', formatter: 'com.sap.cd.sttp.zcockpit.model.formatter.FixedValueFormatter.FixedValueDisposition'}"/>
	</l:VerticalLayout>	
</core:FragmentDefinition>