<!-- 

 Copyright (C) 2009-2019 SAP SE or an SAP affiliate company. All rights reserved.

 --> 
<core:FragmentDefinition xmlns:core="sap.ui.core" xmlns:l="sap.ui.layout" xmlns:m="sap.m" xmlns="sap.uxap">
    <ObjectPageLayout id="pageLayout">
        <headerTitle>
            <ObjectPageHeader id="pageHeader" objectImageURI="sap-icon://product" objectImageShape="Circle" objectTitle="{i18n>CONTSHELL_DETAILS_HEADER}"
                objectSubtitle="{Gs1EsB}" isObjectIconAlwaysVisible="true">	
                <actions>
                    <ObjectPageHeaderActionButton tooltip="{i18n>SHOW_EPCIS_MENU}" icon="sap-icon://shortcut" type="Transparent" visible="{config>/hasAuth}" press="com.sap.cd.sttp.zcockpit.delegate.shared.epcis.EPCISDelegate.showActionSheet"/>
                    <ObjectPageHeaderActionButton tooltip="{i18n>COLLAPSE_EXP_HEADER}" icon="sap-icon://sorting-ranking" type="Transparent" press="com.sap.cd.sttp.zcockpit.delegate.shared.DetailsDelegate.toggleHeader"/>
                </actions>
            </ObjectPageHeader>
        </headerTitle>
        <headerContent>
            <core:Fragment fragmentName="com.sap.cd.sttp.zcockpit.fragment.containers.detail.NewHeaderContent" type="XML"/>
        </headerContent>
    </ObjectPageLayout>
</core:FragmentDefinition>