<!-- 

 Copyright (C) 2009-2019 SAP SE or an SAP affiliate company. All rights reserved.

 --> 
<core:FragmentDefinition xmlns:core="sap.ui.core" xmlns="sap.m" xmlns:table="sap.ui.table">
	<table:Table id="authRequestsTable" visibleRowCountMode="Auto" selectionMode="Single" selectionBehavior="RowOnly" editable="false"
		class="attTable" rowHeight="26">
		<table:columns>
			<table:Column id="AuthTime">
				<Label text="{/#AuthRequest/AuthTime/@sap:label}" tooltip="{/#AuthRequest/AuthTime/@sap:label}"></Label>
				<table:template>
					<Link text="{path: 'AuthTime', type: 'sap.ui.model.type.DateTime', formatOptions: { pattern: 'yyyy-MM-dd HH:mm:ss',UTC:false } }"
						tooltip="{path: 'AuthTime', type: 'sap.ui.model.type.DateTime', formatOptions: { pattern: 'yyyy-MM-dd HH:mm:ss',UTC:false } }"
						press="com.sap.cd.sttp.zcockpit.delegate.shared.CrossNavigationDelegate.navToAuthRequest"></Link>
				</table:template>
			</table:Column>
			<table:Column id="AuthSystemName">
				<Label text="{/#AuthRequest/AuthSystemName/@sap:label}" tooltip="{/#AuthRequest/AuthSystemName/@sap:label}"/>
				<table:template>
					<Text text="{AuthSystem}" tooltip="{AuthSystem}"></Text>
				</table:template>
			</table:Column>
			<table:Column id="AuthUser">
				<Label text="{/#AuthRequest/AuthUser/@sap:label}" tooltip="{/#AuthRequest/AuthUser/@sap:label}"/>
				<table:template>
					<Text text="{AuthUser}" tooltip="{AuthUser}"></Text>
				</table:template>
			</table:Column>
			<table:Column id="Latitude">
				<Label text="{/#AuthRequest/Latitude/@sap:label}" tooltip="{/#AuthRequest/Latitude/@sap:label}"/>
				<table:template>
					<Text text="{Latitude}" tooltip="{Latitude}"/>
				</table:template>
			</table:Column>
			<table:Column id="Longitude">
				<Label text="{/#AuthRequest/Longitude/@sap:label}" tooltip="{/#AuthRequest/Longitude/@sap:label}"/>
				<table:template>
					<Text text="{Longitude}" tooltip="{Longitude}"/>
				</table:template>
			</table:Column>
			<table:Column id="AuthResultSum">
				<Label text="{/#AuthRequest/AuthResultSum/@sap:label}" tooltip="{/#AuthRequest/AuthResultSum/@sap:label}"/>
				<table:template>
					<Text text="{path: 'AuthResultSum', formatter: 'com.sap.cd.sttp.zcockpit.model.formatter.FixedValueFormatter.FixedValueAuthResultSum'}"
						tooltip="{path: 'AuthResultSum', formatter: 'com.sap.cd.sttp.zcockpit.model.formatter.FixedValueFormatter.FixedValueAuthResultSum'}"/>
				</table:template>
			</table:Column>
			<core:Fragment fragmentName="com.sap.cd.sttp.zcockpit.extp.SHARED_DETAIL_AUTHREQ_TABLE_COL" type="XML"/>
		</table:columns>
	</table:Table>
</core:FragmentDefinition>