<!-- 

 Copyright (C) 2009-2019 SAP SE or an SAP affiliate company. All rights reserved.

 --> 
<core:FragmentDefinition xmlns:core="sap.ui.core" 
    xmlns:l="sap.ui.layout" 
    xmlns="sap.m" 
    xmlns:fb="sap.ui.comp.filterbar" 
    xmlns:app="http://schemas.sap.com/sapui5/extension/sap.ui.core.CustomData/1">
    <fb:FilterBar id="filterbar" search="com.sap.cd.sttp.zcockpit.delegate.shared.MasterFilterDelegate.onSearch" app:entitySet="md>/TradeItemSet" class="marginInsideShellContainer" showRestoreButton="false" showClearButton="true" showClearOnFB="true" filterBarExpanded="true" clear="com.sap.cd.sttp.zcockpit.delegate.shared.MasterFilterDelegate.onClear" persistencyKey="filterbarTradeItems">
        <fb:filterItems>
            <fb:FilterItem name="Gtin" label="{md>/#TradeItem/Gtin/@sap:label}" visibleInFilterBar="true">
                <fb:control>
                    <Input name="Gtin" type="Text" placeholder="{parts:['i18n>ENTER_PLACEHOLDER', 'md>/#TradeItem/Gtin/@sap:label'], formatter: 'jQuery.sap.formatMessage'}" showValueHelp="true" valueHelpRequest="com.sap.cd.sttp.zcockpit.delegate.shared.MasterFilterDelegate.handleValueHelpRequest"/>
                </fb:control>
            </fb:FilterItem>
            <fb:FilterItem name="Matnr" label="{md>/#TradeItem/Matnr/@sap:label}" visibleInFilterBar="false">
                <fb:control>
                    <Input name="Matnr" type="Text" placeholder="{parts:['i18n>ENTER_PLACEHOLDER', 'md>/#TradeItem/Matnr/@sap:label'], formatter: 'jQuery.sap.formatMessage'}"/>
                </fb:control>
            </fb:FilterItem>
            <fb:FilterItem name="ProductText" label="{md>/#TradeItem/ProductText/@sap:label}" visibleInFilterBar="false">
                <fb:control>
                    <Input name="ProductText" type="Text" placeholder="{parts:['i18n>ENTER_PLACEHOLDER', 'md>/#TradeItem/ProductText/@sap:label'], formatter: 'jQuery.sap.formatMessage'}"/>
                </fb:control>
            </fb:FilterItem>
            <fb:FilterItem name="Status" label="{md>/#TradeItem/Status/@sap:label}" visibleInFilterBar="false">
                <fb:control>
                    <Input name="Status" type="Text" placeholder="{parts:['i18n>ENTER_PLACEHOLDER', 'md>/#TradeItem/Status/@sap:label'], formatter: 'jQuery.sap.formatMessage'}"/>
                </fb:control>
            </fb:FilterItem>
            <fb:FilterItem name="Ncode" label="{md>/#TradeItem/Ncode/@sap:label}" visibleInFilterBar="false">
                <fb:control>
                    <Input name="Ncode" type="Text" placeholder="{parts:['i18n>ENTER_PLACEHOLDER', 'md>/#TradeItem/Ncode/@sap:label'], formatter: 'jQuery.sap.formatMessage'}" showValueHelp="true" valueHelpRequest="com.sap.cd.sttp.zcockpit.delegate.shared.MasterFilterDelegate.handleValueHelpRequest"/>
                </fb:control>
            </fb:FilterItem>
            <fb:FilterItem name="Rcode" label="{md>/#TradeItem/Rcode/@sap:label}" visibleInFilterBar="false">
                <fb:control>
                    <Input name="Rcode" type="Text" placeholder="{parts:['i18n>ENTER_PLACEHOLDER', 'md>/#TradeItem/Rcode/@sap:label'], formatter: 'jQuery.sap.formatMessage'}" showValueHelp="true" valueHelpRequest="com.sap.cd.sttp.zcockpit.delegate.shared.MasterFilterDelegate.handleValueHelpRequest"/>
                </fb:control>
            </fb:FilterItem>
            <fb:FilterItem name="Serprflky" label="{md>/#TradeItem/Serprflky/@sap:label}" visibleInFilterBar="false">
                <fb:control>
                    <Input name="Serprflky" type="Text" placeholder="{parts:['i18n>ENTER_PLACEHOLDER', 'md>/#TradeItem/Serprflky/@sap:label'], formatter: 'jQuery.sap.formatMessage'}"/>
                </fb:control>
            </fb:FilterItem>
            <fb:FilterItem name="Sertype" label="{md>/#TradeItem/Sertype/@sap:label}" visibleInFilterBar="false">
                <fb:control>
                    <Input name="Sertype" type="Text" placeholder="{parts:['i18n>ENTER_PLACEHOLDER', 'md>/#TradeItem/Sertype/@sap:label'], formatter: 'jQuery.sap.formatMessage'}"/>
                </fb:control>
            </fb:FilterItem>
            <fb:FilterItem name="Locno" label="{md>/#TradeItem/Locno/@sap:label}" visibleInFilterBar="false">
                <fb:control>
                    <Input name="Locno" type="Text" placeholder="{parts:['i18n>ENTER_PLACEHOLDER', 'md>/#TradeItem/Locno/@sap:label'], formatter: 'jQuery.sap.formatMessage'}"/>
                </fb:control>
            </fb:FilterItem>
            <fb:FilterItem name="Country" label="{md>/#TradeItem/Country/@sap:label}" visibleInFilterBar="false">
                <fb:control>
                    <Input name="Country" type="Text" placeholder="{parts:['i18n>ENTER_PLACEHOLDER', 'md>/#TradeItem/Country/@sap:label'], formatter: 'jQuery.sap.formatMessage'}"/>
                </fb:control>
            </fb:FilterItem>
            <fb:FilterItem name="Version" label="{md>/#TradeItem/Version/@sap:label}" visibleInFilterBar="false">
                <fb:control>
                    <Input name="Version" type="Text" placeholder="{parts:['i18n>ENTER_PLACEHOLDER', 'md>/#TradeItem/Version/@sap:label'], formatter: 'jQuery.sap.formatMessage'}"/>
                </fb:control>
            </fb:FilterItem>
            <fb:FilterItem name="ProdCat" label="{md>/#TradeItem/ProdCat/@sap:label}" visibleInFilterBar="false">
                <fb:control>
                    <Input name="ProdCat" type="Text" placeholder="{parts:['i18n>ENTER_PLACEHOLDER', 'md>/#TradeItem/ProdCat/@sap:label'], formatter: 'jQuery.sap.formatMessage'}"/>
                </fb:control>
            </fb:FilterItem>
            <fb:FilterItem name="ModifiedUser" label="{md>/#TradeItem/ModifiedUser/@sap:label}" visibleInFilterBar="false">
                <fb:control>
                    <Input name="ModifiedUser" app:fragment="User" type="Text" placeholder="{parts:['i18n>ENTER_PLACEHOLDER', 'md>/#TradeItem/ModifiedUser/@sap:label'], formatter: 'jQuery.sap.formatMessage'}" showValueHelp="true" valueHelpRequest="com.sap.cd.sttp.zcockpit.delegate.shared.MasterFilterDelegate.handleValueHelpRequest"/>
                </fb:control>
            </fb:FilterItem>
            <fb:FilterItem name="ModifiedTime_From" label="{i18n>MODIFIED_TIME_FROM}" visibleInFilterBar="false">
                <fb:control>
                    <DateTimeInput type="DateTime" valueFormat="yyyyMMddHHmmss" name="ModifiedTime_From" displayFormat="yyyy-MM-dd HH:mm" placeholder="{parts:['i18n>ENTER_PLACEHOLDER', 'i18n>MODIFIED_TIME_FROM'], formatter: 'jQuery.sap.formatMessage'}"/>
                </fb:control>
            </fb:FilterItem>
            <fb:FilterItem name="ModifiedTime_To" label="{i18n>MODIFIED_TIME_TO}" visibleInFilterBar="false">
                <fb:control>
                    <DateTimeInput type="DateTime" valueFormat="yyyyMMddHHmmss" name="ModifiedTime_To" displayFormat="yyyy-MM-dd HH:mm" placeholder="{parts:['i18n>ENTER_PLACEHOLDER', 'i18n>MODIFIED_TIME_TO'], formatter: 'jQuery.sap.formatMessage'}"/>
                </fb:control>
            </fb:FilterItem>
        </fb:filterItems>
    </fb:FilterBar>
</core:FragmentDefinition>