<!-- 

 Copyright (C) 2009-2019 SAP SE or an SAP affiliate company. All rights reserved.

 --> 
<core:FragmentDefinition xmlns:core="sap.ui.core" 
    xmlns="sap.m" 
    xmlns:table="sap.ui.table">
    <table:Table id="masterTable" visibleRowCountMode="Auto" selectionMode="Single" selectionBehavior="RowOnly" editable="false" class="attTable attMasterTable" rowHeight="26" noData="{i18n>MASTER_TABLE_NO_DATA}">
        <table:toolbar>
            <Toolbar>
                <Label text="{i18n>TRADEITEMLIST_HEADER}"></Label>
                <ToolbarSpacer></ToolbarSpacer>
                <Button type="Transparent" id="persButton" icon="sap-icon://action-settings" tooltip="{i18n>OBJLIST_PERSONALIZE_BUTTON}"/>
            </Toolbar>
        </table:toolbar>
        <table:columns>
            <table:Column width="auto" sortProperty="Gtin" id="Gtin">
                <Label text="{md>/#TradeItem/Gtin/@sap:label}" tooltip="{md>/#TradeItem/Gtin/@sap:label}"/>
                <table:template>
                    <Text wrapping="false" text="{md>Gtin}" tooltip="{md>Gtin}"></Text>
                </table:template>
            </table:Column>
            <table:Column width="auto" sortProperty="ProductText" id="ProductText">
                <Label text="{md>/#TradeItem/ProductText/@sap:label}" tooltip="{md>/#TradeItem/ProductText/@sap:label}"/>
                <table:template>
                    <Text wrapping="false" text="{md>ProductText}" tooltip="{md>ProductText}"></Text>
                </table:template>
            </table:Column>
            <table:Column width="auto" sortProperty="Status" id="Status">
                <Label text="{md>/#TradeItem/Status/@sap:label}" tooltip="{md>/#TradeItem/Status/@sap:label}"/>
                <table:template>
                    <Text wrapping="false" text="{path: 'md>Status', formatter: 'com.sap.cd.sttp.zcockpit.model.formatter.FixedValueFormatterMD.FixedValueTradeitemStatus'}" tooltip="{path: 'md>Status', formatter: 'com.sap.cd.sttp.zcockpit.model.formatter.FixedValueFormatterMD.FixedValueTradeitemStatus'}"></Text>
                </table:template>
            </table:Column>
            <table:Column width="auto" sortProperty="Meinh" id="Meinh">
                <Label text="{md>/#TradeItem/Meinh/@sap:label}" tooltip="{md>/#TradeItem/Meinh/@sap:label}"/>
                <table:template>
                    <Text wrapping="false" text="{path: 'md>Meinh', formatter: 'com.sap.cd.sttp.zcockpit.model.formatter.FixedValueFormatterMD.FixedValueTradeitemUom'}" tooltip="{path: 'md>Meinh', formatter: 'com.sap.cd.sttp.zcockpit.model.formatter.FixedValueFormatterMD.FixedValueTradeitemUom'}"></Text>
                </table:template>
            </table:Column>
            <table:Column width="auto" sortProperty="Sertype" id="Sertype">
                <Label text="{md>/#TradeItem/Sertype/@sap:label}" tooltip="{md>/#TradeItem/Sertype/@sap:label}"/>
                <table:template>
                    <Text wrapping="false" text="{path: 'md>Sertype', formatter: 'com.sap.cd.sttp.zcockpit.model.formatter.FixedValueFormatterMD.FixedValueTradeitemSertype'}" tooltip="{path: 'md>Sertype', formatter: 'com.sap.cd.sttp.zcockpit.model.formatter.FixedValueFormatterMD.FixedValueTradeitemSertype'}"></Text>
                </table:template>
            </table:Column>
            <table:Column width="auto" sortProperty="Version" id="Version">
                <Label text="{md>/#TradeItem/Version/@sap:label}" tooltip="{md>/#TradeItem/Version/@sap:label}"/>
                <table:template>
                    <Text wrapping="false" text="{md>Version}" tooltip="{path: 'md>Version', formatter: 'com.sap.cd.sttp.zcockpit.model.formatter.GeneralFormatter.ToString'}"></Text>
                </table:template>
            </table:Column>
            <table:Column width="auto" sortProperty="Matnr" id="Matnr">
                <Label text="{md>/#TradeItem/Matnr/@sap:label}" tooltip="{md>/#TradeItem/Matnr/@sap:label}"/>
                <table:template>
                    <Text wrapping="false" text="{md>Matnr}" tooltip="{path: 'md>Matnr', formatter: 'com.sap.cd.sttp.zcockpit.model.formatter.GeneralFormatter.ToString'}"></Text>
                </table:template>
            </table:Column>
            <table:Column width="auto" visible="false" sortProperty="Serprflky" id="Serprflky">
                <Label text="{md>/#TradeItem/Serprflky/@sap:label}" tooltip="{md>/#TradeItem/Serprflky/@sap:label}"/>
                <table:template>
                    <Text wrapping="false" text="{md>Serprflky}" tooltip="{md>Serprflky}"></Text>
                </table:template>
            </table:Column>
            <table:Column width="auto" visible="false" sortProperty="Ncode" id="Ncode">
                <Label text="{md>/#TradeItem/Ncode/@sap:label}" tooltip="{md>/#TradeItem/Ncode/@sap:label}"/>
                <table:template>
                    <Text wrapping="false" text="{md>Ncode}" tooltip="{md>Ncode}"></Text>
                </table:template>
            </table:Column>
            <table:Column width="auto" visible="false" sortProperty="NcodeType" id="NcodeType">
                <Label text="{md>/#TradeItem/NcodeType/@sap:label}" tooltip="{md>/#TradeItem/NcodeType/@sap:label}"/>
                <table:template>
                    <Text wrapping="false" text="{md>NcodeType}" tooltip="{md>NcodeType}"></Text>
                </table:template>
            </table:Column>
            <table:Column width="auto" visible="false" sortProperty="Rcode" id="Rcode">
                <Label text="{md>/#TradeItem/Rcode/@sap:label}" tooltip="{md>/#TradeItem/Rcode/@sap:label}"/>
                <table:template>
                    <Text wrapping="false" text="{md>Rcode}" tooltip="{md>Rcode}"></Text>
                </table:template>
            </table:Column>
            <table:Column width="auto" visible="false" sortProperty="NrobjSer" id="NrobjSer">
                <Label text="{md>/#TradeItem/NrobjSer/@sap:label}" tooltip="{md>/#TradeItem/NrobjSer/@sap:label}"/>
                <table:template>
                    <Text wrapping="false" text="{md>NrobjSer}" tooltip="{md>NrobjSer}"></Text>
                </table:template>
            </table:Column>
            <table:Column width="auto" visible="false" sortProperty="Meins" id="Meins">
                <Label text="{md>/#TradeItem/Meins/@sap:label}" tooltip="{md>/#TradeItem/Meins/@sap:label}"/>
                <table:template>
                    <Text wrapping="false" text="{md>Meins}" tooltip="{md>Meins}"></Text>
                </table:template>
            </table:Column>
            <table:Column width="auto" visible="false" sortProperty="Uom" id="Uom">
                <Label text="{md>/#TradeItem/Uom/@sap:label}" tooltip="{md>/#TradeItem/Uom/@sap:label}"/>
                <table:template>
                    <Text wrapping="false" text="{md>Uom}" tooltip="{md>Uom}"></Text>
                </table:template>
            </table:Column>
            <table:Column width="auto" visible="false" sortProperty="Umrez" id="Umrez">
                <Label text="{md>/#TradeItem/Umrez/@sap:label}" tooltip="{md>/#TradeItem/Umrez/@sap:label}"/>
                <table:template>
                    <Text wrapping="false" text="{md>Umrez}" tooltip="{md>Umrez}"></Text>
                </table:template>
            </table:Column>
            <table:Column width="auto" visible="false" sortProperty="Umren" id="Umren">
                <Label text="{md>/#TradeItem/Umren/@sap:label}" tooltip="{md>/#TradeItem/Umren/@sap:label}"/>
                <table:template>
                    <Text wrapping="false" text="{md>Umren}" tooltip="{md>Umren}"></Text>
                </table:template>
            </table:Column>
            <table:Column width="auto" visible="false" sortProperty="Delflag" id="Delflag">
                <Label text="{md>/#TradeItem/Delflag/@sap:label}" tooltip="{md>/#TradeItem/Delflag/@sap:label}"/>
                <table:template>
                    <CheckBox selected="{md>Delflag}" editable="false"></CheckBox>
                </table:template>
            </table:Column>
            <table:Column width="auto" visible="false" sortProperty="Logqs" id="Logqs">
                <Label text="{md>/#TradeItem/Logqs/@sap:label}" tooltip="{md>/#TradeItem/Logqs/@sap:label}"/>
                <table:template>
                    <Text wrapping="false" text="{md>Logqs}" tooltip="{md>Logqs}"></Text>
                </table:template>
            </table:Column>
            <table:Column width="auto" visible="false" sortProperty="ReplFlag" id="ReplFlag">
                <Label text="{md>/#TradeItem/ReplFlag/@sap:label}" tooltip="{md>/#TradeItem/ReplFlag/@sap:label}"/>
                <table:template>
                    <CheckBox selected="{md>ReplFlag}" editable="false"></CheckBox>
                </table:template>
            </table:Column>
            <table:Column width="auto" visible="false" sortProperty="Country" id="Country">
                <Label text="{md>/#TradeItem/Country/@sap:label}" tooltip="{md>/#TradeItem/Country/@sap:label}"/>
                <table:template>
                    <Text wrapping="false" text="{md>Country}" tooltip="{md>Country}"></Text>
                </table:template>
            </table:Column>
            <table:Column width="auto" visible="false" sortProperty="ProdCat" id="ProdCat">
                <Label text="{md>/#TradeItem/ProdCat/@sap:label}" tooltip="{md>/#TradeItem/ProdCat/@sap:label}"/>
                <table:template>
                    <Text wrapping="false" text="{md>ProdCat}" tooltip="{md>ProdCat}"></Text>
                </table:template>
            </table:Column>
            <table:Column width="auto" visible="false" sortProperty="SernoManaged" id="SernoManaged">
                <Label text="{md>/#TradeItem/SernoManaged/@sap:label}" tooltip="{md>/#TradeItem/SernoManaged/@sap:label}"/>
                <table:template>
                    <CheckBox selected="{md>SernoManaged}" editable="false"></CheckBox>
                </table:template>
            </table:Column>
            <table:Column width="auto" visible="false" sortProperty="ModifiedUser" id="ModifiedUser">
                <Label text="{md>/#TradeItem/ModifiedUser/@sap:label}" tooltip="{md>/#TradeItem/ModifiedUser/@sap:label}"/>
                <table:template>
                    <Text wrapping="false" text="{md>ModifiedUser}" tooltip="{md>ModifiedUser}"></Text>
                </table:template>
            </table:Column>
            <table:Column width="auto" visible="false" sortProperty="ModifiedTime" id="ModifiedTime">
                <Label text="{md>/#TradeItem/ModifiedTime/@sap:label}" tooltip="{md>/#TradeItem/ModifiedTime/@sap:label}"/>
                <table:template>
                    <Text wrapping="false" text="{path: 'md>ModifiedTime', type: 'sap.ui.model.type.DateTime', formatOptions: { UTC:false, pattern: 'yyyy-MM-dd HH:mm:ss'}}" tooltip="{path: 'md>ModifiedTime', type: 'sap.ui.model.type.DateTime', formatOptions: { UTC:false, pattern: 'yyyy-MM-dd HH:mm:ss'}}"></Text>
                </table:template>
            </table:Column>

            <core:Fragment fragmentName="com.sap.cd.sttp.zcockpit.extp.TRADEITEM_MASTER_TABLE_COL" type="XML"/>
        </table:columns>
    </table:Table>
</core:FragmentDefinition>