<!-- 

 Copyright (C) 2009-2019 SAP SE or an SAP affiliate company. All rights reserved.

 --> 
<core:FragmentDefinition xmlns:core="sap.ui.core" xmlns:l="sap.ui.layout" xmlns="sap.m" xmlns:fb="sap.ui.comp.filterbar"
	xmlns:app="http://schemas.sap.com/sapui5/extension/sap.ui.core.CustomData/1">
	<fb:FilterBar id="filterbar" search="com.sap.cd.sttp.zcockpit.delegate.shared.MasterFilterDelegate.onSearch1" app:entitySet="/ObjItemSet"
		class="marginInsideShellContainer" showRestoreButton="false" showClearButton="true" showClearOnFB="true" filterBarExpanded="true"
		clear="com.sap.cd.sttp.zcockpit.delegate.shared.MasterFilterDelegate.onClear" persistencyKey="filterbarObjects">
		<fb:filterItems>
			<fb:FilterItem name="EpcIdUri" label="{i18n>LABEL_EPC_OR_GS1}" visibleInFilterBar="true">
				<fb:control>
					<Input name="EpcIdUri" type="Text"
						placeholder="{parts:['i18n>ENTER_PLACEHOLDER', '/#ObjItem/EpcIdUri/@sap:label'], formatter: 'jQuery.sap.formatMessage'}"/>
				</fb:control>
			</fb:FilterItem>
			<fb:FilterItem name="Gtin" label="{/#ObjItem/Gtin/@sap:label}" visibleInFilterBar="false">
				<fb:control>
					<Input name="Gtin" type="Text"
						placeholder="{parts:['i18n>ENTER_PLACEHOLDER', '/#ObjItem/Gtin/@sap:label'], formatter: 'jQuery.sap.formatMessage'}"
						showValueHelp="true" valueHelpRequest="com.sap.cd.sttp.zcockpit.delegate.shared.MasterFilterDelegate.handleValueHelpRequest"/>
				</fb:control>
			</fb:FilterItem>
			<fb:FilterItem name="Serno" label="{/#ObjItem/Serno/@sap:label}" visibleInFilterBar="false">
				<fb:control>
					<Input name="Serno" type="Text"
						placeholder="{parts:['i18n>ENTER_PLACEHOLDER', '/#ObjItem/Serno/@sap:label'], formatter: 'jQuery.sap.formatMessage'}"/>
				</fb:control>
			</fb:FilterItem>
			<fb:FilterItem name="Lotno" label="{/#ObjItem/Lotno/@sap:label}" visibleInFilterBar="false">
				<fb:control>
					<Input name="Lotno" type="Text"
						placeholder="{parts:['i18n>ENTER_PLACEHOLDER', '/#ObjItem/Lotno/@sap:label'], formatter: 'jQuery.sap.formatMessage'}"/>
				</fb:control>
			</fb:FilterItem>
			<fb:FilterItem name="Disposition" label="{/#ObjItem/Disposition/@sap:label}" visibleInFilterBar="false">
				<fb:control>
					<Input name="Disposition" type="Text"
						placeholder="{parts:['i18n>ENTER_PLACEHOLDER', '/#ObjItem/Disposition/@sap:label'], formatter: 'jQuery.sap.formatMessage'}"
						showValueHelp="true" valueHelpRequest="com.sap.cd.sttp.zcockpit.delegate.shared.MasterFilterDelegate.handleValueHelpRequest"/>
				</fb:control>
			</fb:FilterItem>
			<fb:FilterItem name="Gln" label="{/#ObjItem/Gln/@sap:label}" visibleInFilterBar="false">
				<fb:control>
					<Input name="Gln" type="Text"
						placeholder="{parts:['i18n>ENTER_PLACEHOLDER', '/#ObjItem/Gln/@sap:label'], formatter: 'jQuery.sap.formatMessage'}"/>
				</fb:control>
			</fb:FilterItem>
			<fb:FilterItem name="GlnExt" label="{/#ObjItem/GlnExt/@sap:label}" visibleInFilterBar="false">
				<fb:control>
					<Input name="GlnExt" type="Text"
						placeholder="{parts:['i18n>ENTER_PLACEHOLDER', '/#ObjItem/GlnExt/@sap:label'], formatter: 'jQuery.sap.formatMessage'}"/>
				</fb:control>
			</fb:FilterItem>
			<fb:FilterItem name="Ncode" label="{/#ObjItem/Ncode/@sap:label}" visibleInFilterBar="false">
				<fb:control>
					<Input name="Ncode" type="Text"
						placeholder="{parts:['i18n>ENTER_PLACEHOLDER', '/#ObjItem/Ncode/@sap:label'], formatter: 'jQuery.sap.formatMessage'}"
						showValueHelp="true" valueHelpRequest="com.sap.cd.sttp.zcockpit.delegate.shared.MasterFilterDelegate.handleValueHelpRequest"/>
				</fb:control>
			</fb:FilterItem>
			<fb:FilterItem name="Rcode" label="{/#ObjItem/Rcode/@sap:label}" visibleInFilterBar="false">
				<fb:control>
					<Input name="Rcode" type="Text"
						placeholder="{parts:['i18n>ENTER_PLACEHOLDER', '/#ObjItem/Rcode/@sap:label'], formatter: 'jQuery.sap.formatMessage'}"
						showValueHelp="true" valueHelpRequest="com.sap.cd.sttp.zcockpit.delegate.shared.MasterFilterDelegate.handleValueHelpRequest"/>
				</fb:control>
			</fb:FilterItem>
			<fb:FilterItem name="Docnum" label="{/#ObjItem/Docnum/@sap:label}" visibleInFilterBar="false">
				<fb:control>
					<Input name="Docnum" type="Text"
						placeholder="{parts:['i18n>ENTER_PLACEHOLDER', '/#ObjItem/Docnum/@sap:label'], formatter: 'jQuery.sap.formatMessage'}"/>
				</fb:control>
			</fb:FilterItem>
			<fb:FilterItem name="Doctpe" label="{/#ObjItem/Doctpe/@sap:label}" visibleInFilterBar="false">
				<fb:control>
					<Select name="Doctpe" items="{templateShareable: false, path:'fixedValues>/FixedValueSet/Doctpe'}">
						<core:Item key="{fixedValues>Domvalue_l}" text="{fixedValues>Domvalue_l} - {fixedValues>Ddtext}"/>
					</Select>
				</fb:control>
			</fb:FilterItem>
			<fb:FilterItem name="StatusObj" label="{/#ObjItem/StatusObj/@sap:label}" visibleInFilterBar="false">
				<fb:control>
					<Select name="StatusObj" items="{templateShareable: false, path:'fixedValues>/FixedValueSet/StatusObj'}">
						<core:Item key="{fixedValues>Domvalue_l}" text="{fixedValues>Domvalue_l} - {fixedValues>Ddtext}"/>
					</Select>
				</fb:control>
			</fb:FilterItem>
			<fb:FilterItem name="StatusStock" label="{/#ObjItem/StatusStock/@sap:label}" visibleInFilterBar="false">
				<fb:control>
					<Select name="StatusStock" items="{templateShareable: false, path:'fixedValues>/FixedValueSet/StatusStock'}">
						<core:Item key="{fixedValues>Domvalue_l}" text="{fixedValues>Domvalue_l} - {fixedValues>Ddtext}"/>
					</Select>
				</fb:control>
			</fb:FilterItem>
			<fb:FilterItem name="StatusPack" label="{/#ObjItem/StatusPack/@sap:label}" visibleInFilterBar="false">
				<fb:control>
					<Select name="StatusPack" items="{templateShareable: false, path:'fixedValues>/FixedValueSet/StatusPack'}">
						<core:Item key="{fixedValues>Domvalue_l}" text="{fixedValues>Domvalue_l} - {fixedValues>Ddtext}"/>
					</Select>
				</fb:control>
			</fb:FilterItem>
			<fb:FilterItem name="ModifiedUser" label="{/#ObjItem/ModifiedUser/@sap:label}" visibleInFilterBar="false">
				<fb:control>
					<Input name="ModifiedUser" app:fragment="User" type="Text"
						placeholder="{parts:['i18n>ENTER_PLACEHOLDER', '/#ObjItem/ModifiedUser/@sap:label'], formatter: 'jQuery.sap.formatMessage'}"
						showValueHelp="true" valueHelpRequest="com.sap.cd.sttp.zcockpit.delegate.shared.MasterFilterDelegate.handleValueHelpRequest"/>
				</fb:control>
			</fb:FilterItem>
			<fb:FilterItem name="ModifiedTime_From" label="{i18n>MODIFIED_TIME_FROM}" visibleInFilterBar="false">
				<fb:control>
					<DateTimeInput type="DateTime" valueFormat="yyyyMMddHHmmss" name="ModifiedTime_From" displayFormat="yyyy-MM-dd HH:mm"
						placeholder="{parts:['i18n>ENTER_PLACEHOLDER', 'i18n>MODIFIED_TIME_FROM'], formatter: 'jQuery.sap.formatMessage'}"/>
				</fb:control>
			</fb:FilterItem>
			<fb:FilterItem name="ModifiedTime_To" label="{i18n>MODIFIED_TIME_TO}" visibleInFilterBar="false">
				<fb:control>
					<DateTimeInput type="DateTime" valueFormat="yyyyMMddHHmmss" name="ModifiedTime_To" displayFormat="yyyy-MM-dd HH:mm"
						placeholder="{parts:['i18n>ENTER_PLACEHOLDER', 'i18n>MODIFIED_TIME_TO'], formatter: 'jQuery.sap.formatMessage'}"/>
				</fb:control>
			</fb:FilterItem>
		</fb:filterItems>
	</fb:FilterBar>
</core:FragmentDefinition>