<!-- 

 Copyright (C) 2009-2019 SAP SE or an SAP affiliate company. All rights reserved.

 -->
<core:FragmentDefinition xmlns:core="sap.ui.core" xmlns="sap.m" xmlns:table="sap.ui.table">

	<table:Table id="masterTable2" visibleRowCountMode="Auto" selectionMode="Single" selectionBehavior="RowOnly" editable="false"
		class="attTable attMasterTable"  noData="{i18n>MASTER_TABLE_NO_DATA}">
		<table:toolbar>
			<Toolbar>
				<Label text="List of GTIN's"></Label>
				<ToolbarSpacer></ToolbarSpacer>
			</Toolbar>
		</table:toolbar>
		<table:columns>
			<table:Column width="auto" sortProperty="Gtin">
				<Label text="GTIN Number" tooltip="GTIN Number"></Label>
				<table:template>
					<Link text="{Gtin}" tooltip="{Gtin}" press="com.sap.cd.sttp.zcockpit.delegate.shared.MasterFilterDelegate.getSerialNumber"></Link>
				</table:template>
			</table:Column>
			<table:Column width="auto">
				<Label text="Trade Item Descriptionr" tooltip="Trade Item Description"></Label>
				<table:template>
					<Text wrapping="false" text="{Descr}"></Text>
				</table:template>
			</table:Column>
			<table:Column width="auto">
				<Label text="Lot No." tooltip="Lot No."></Label>
				<table:template>
					<Text wrapping="false" text="{Lotno}"></Text>
				</table:template>
			</table:Column>
			<table:Column width="auto">
				<Label text="Status" tooltip="Status"></Label>
				<table:template>
					<Text wrapping="false" text="{StatusObj}" ></Text>
				</table:template>
			</table:Column>
			<table:Column width="auto">
				<Label text="Expiry Date" tooltip="Expiry Date"></Label>
				<table:template>
					<Text wrapping="false" text="{Datex}" ></Text>
				</table:template>
			</table:Column>
			<table:Column width="auto">
				<Label text="Manfacturing Date" tooltip="Manfacturing Date"></Label>
				<table:template>
					<Text wrapping="false" text="{Datmf}"></Text>
				</table:template>
			</table:Column>
				<table:Column width="auto">
				<Label text="Material" tooltip="Material"></Label>
				<table:template>
					<Text wrapping="false" text="{Matnr}"></Text>
				</table:template>
			</table:Column>
					<table:Column width="auto">
				<Label text="Item Count" tooltip="Item Count"></Label>
				<table:template>
					<Text wrapping="false" text="{ItemCount}"></Text>
				</table:template>
			</table:Column>
		</table:columns>
	</table:Table>
	
</core:FragmentDefinition>