<!-- 

 Copyright (C) 2009-2019 SAP SE or an SAP affiliate company. All rights reserved.

 --> 
<core:FragmentDefinition xmlns:core="sap.ui.core" xmlns="sap.m" xmlns:table="sap.ui.table">

	<table:Table id="masterTable" visibleRowCountMode="Auto" selectionMode="Single" selectionBehavior="RowOnly" editable="false"
		class="attTable attMasterTable"  noData="{i18n>MASTER_TABLE_NO_DATA1}">
		<table:toolbar>
			<Toolbar>
				<Label text="{i18n>OBJLIST_HEADER}"></Label>
				<ToolbarSpacer></ToolbarSpacer>
				<Button type="Transparent" id="persButton" icon="sap-icon://action-settings" tooltip="{i18n>OBJLIST_PERSONALIZE_BUTTON}"/>
				<Button type="Transparent" icon="sap-icon://excel-attachment" press="com.sap.cd.sttp.zcockpit.delegate.shared.ExportDelegate.exportDataFromTable"
					tooltip="{i18n>OBJLIST_EXPORT_BUTTON}"/>
			</Toolbar>
		</table:toolbar>
		<table:columns>
			<table:Column width="auto" sortProperty="Gs1EsB" id="Gs1EsB">
				<Label text="{/#ObjItem/Gs1EsB/@sap:label}" tooltip="{/#ObjItem/Gs1EsB/@sap:label}"></Label>
				<table:template>
					<Link text="{Gs1EsB}" tooltip="{Gs1EsB}" press="com.sap.cd.sttp.zcockpit.delegate.shared.CrossNavigationDelegate.navToTradeItem"></Link>
				</table:template>
			</table:Column>
			<table:Column width="auto" sortProperty="Descr" id="Descr">
				<Label text="{/#ObjItem/Descr/@sap:label}" tooltip="{/#ObjItem/Descr/@sap:label}"/>
				<table:template>
					<Text wrapping="false" text="{Descr}" tooltip="{Descr}"></Text>
				</table:template>
			</table:Column>
			<table:Column width="auto" sortProperty="StatusStock" id="StatusStock">
				<Label text="{/#ObjItem/StatusStock/@sap:label}" tooltip="{/#ObjItem/StatusStock/@sap:label}"/>
				<table:template>
					<Text wrapping="false" text="{path: 'StatusStock', formatter: 'com.sap.cd.sttp.zcockpit.model.formatter.FixedValueFormatter.FixedValueStatusStock'}"
						tooltip="{path: 'StatusStock', formatter: 'com.sap.cd.sttp.zcockpit.model.formatter.FixedValueFormatter.FixedValueStatusStock'}"/>
				</table:template>
			</table:Column>
			<table:Column width="auto" sortProperty="StatusPack" id="StatusPack">
				<Label text="{/#ObjItem/StatusPack/@sap:label}" tooltip="{/#ObjItem/StatusPack/@sap:label}"/>
				<table:template>
					<Text wrapping="false" text="{path: 'StatusPack', formatter: 'com.sap.cd.sttp.zcockpit.model.formatter.FixedValueFormatter.FixedValueStatusPack'}"
						tooltip="{path: 'StatusPack', formatter: 'com.sap.cd.sttp.zcockpit.model.formatter.FixedValueFormatter.FixedValueStatusPack'}"/>
				</table:template>
			</table:Column>
			<table:Column width="auto" sortProperty="Disposition" id="Disposition">
				<Label text="{/#ObjItem/Disposition/@sap:label}" tooltip="{/#ObjItem/Disposition/@sap:label}"/>
				<table:template>
					<Text wrapping="false" text="{path: 'Disposition', formatter: 'com.sap.cd.sttp.zcockpit.model.formatter.FixedValueFormatter.FixedValueDisposition'}"
						tooltip="{path: 'Disposition', formatter: 'com.sap.cd.sttp.zcockpit.model.formatter.FixedValueFormatter.FixedValueDisposition'}"/>
				</table:template>
			</table:Column>
			<table:Column width="auto" sortProperty="Lotno" id="Lotno">
				<Label text="{/#ObjItem/Lotno/@sap:label}" tooltip="{/#ObjItem/Lotno/@sap:label}"/>
				<table:template>
					<Text wrapping="false" text="{Lotno}" tooltip="{Lotno}"/>
				</table:template>
			</table:Column>
			<table:Column width="auto" sortProperty="Gln" id="Gln">
				<Label text="{/#ObjItem/Gln/@sap:label}" tooltip="{/#ObjItem/Gln/@sap:label}"/>
				<table:template>
					<Text wrapping="false" text="{Gln}" tooltip="{Gln}"/>
				</table:template>
			</table:Column>
			<table:Column width="auto" sortProperty="GlnExt" id="GlnExt">
				<Label text="{/#ObjItem/GlnExt/@sap:label}" tooltip="{/#ObjItem/GlnExt/@sap:label}"/>
				<table:template>
					<Text wrapping="false" text="{GlnExt}" tooltip="{GlnExt}"/>
				</table:template>
			</table:Column>
			<table:Column width="auto" visible="false" sortProperty="CusLog1" id="CusLog1">
				<Label text="{/#ObjItem/CusLog1/@sap:label}" tooltip="{/#ObjItem/CusLog1/@sap:label}"/>
				<table:template>
					<Text wrapping="false" text="{CusLog1}" tooltip="{CusLog1}"/>
				</table:template>
			</table:Column>
			<table:Column width="auto" visible="false" sortProperty="Datex" id="Datex">
				<Label text="{/#ObjItem/Datex/@sap:label}" tooltip="{/#ObjItem/Datex/@sap:label}"/>
				<table:template>
					<Text wrapping="false" text="{path: 'Datex', type: 'sap.ui.model.type.DateTime', formatOptions: { pattern: 'yyyy-MM-dd', UTC: true }}"
						tooltip="{path: 'Datex', type: 'sap.ui.model.type.DateTime', formatOptions: { pattern: 'yyyy-MM-dd', UTC: true }}"/>
				</table:template>
			</table:Column>
			<table:Column width="auto" visible="false" sortProperty="Datmf" id="Datmf">
				<Label text="{/#ObjItem/Datmf/@sap:label}" tooltip="{/#ObjItem/Datmf/@sap:label}"/>
				<table:template>
					<Text wrapping="false" text="{path: 'Datmf', type: 'sap.ui.model.type.DateTime', formatOptions: { pattern: 'yyyy-MM-dd', UTC: true }}"
						tooltip="{path: 'Datmf', type: 'sap.ui.model.type.DateTime', formatOptions: { pattern: 'yyyy-MM-dd', UTC: true }}"/>
				</table:template>
			</table:Column>
			<table:Column width="auto" visible="false" sortProperty="QtyProd" id="QtyProd">
				<Label text="{/#ObjItem/QtyProd/@sap:label}" tooltip="{/#ObjItem/QtyProd/@sap:label}"/>
				<table:template>
					<Text wrapping="false" text="{QtyProd}" tooltip="{path: 'QtyProd', formatter: 'com.sap.cd.sttp.zcockpit.model.formatter.GeneralFormatter.ToString'}"/>
				</table:template>
			</table:Column>
			<table:Column width="auto" visible="false" sortProperty="Gtin" id="Gtin">
				<Label text="{/#ObjItem/Gtin/@sap:label}" tooltip="{/#ObjItem/Gtin/@sap:label}"/>
				<table:template>
					<Text wrapping="false" text="{Gtin}" tooltip="{Gtin}"/>
				</table:template>
			</table:Column>
			<table:Column width="auto" visible="false" sortProperty="EpcIdUri" id="EpcIdUri">
				<Label text="{/#ObjItem/EpcIdUri/@sap:label}" tooltip="{/#ObjItem/EpcIdUri/@sap:label}"/>
				<table:template>
					<Text wrapping="false" text="{EpcIdUri}" tooltip="{EpcIdUri}"/>
				</table:template>
			</table:Column>
			<table:Column width="auto" visible="false" sortProperty="StatusLot" id="StatusLot">
				<Label text="{/#ObjItem/StatusLot/@sap:label}" tooltip="{/#ObjItem/StatusLot/@sap:label}"/>
				<table:template>
					<Text wrapping="false" text="{path: 'StatusLot', formatter: 'com.sap.cd.sttp.zcockpit.model.formatter.FixedValueFormatter.FixedValueStatusObj'}"
						tooltip="{path: 'StatusLot', formatter: 'com.sap.cd.sttp.zcockpit.model.formatter.FixedValueFormatter.FixedValueStatusObj'}"/>
				</table:template>
			</table:Column>
			<table:Column width="auto" visible="false" sortProperty="Locno" id="Locno">
				<Label text="{/#ObjItem/Locno/@sap:label}" tooltip="{/#ObjItem/Locno/@sap:label}"/>
				<table:template>
					<Text wrapping="false" text="{Locno}" tooltip="{Locno}"/>
				</table:template>
			</table:Column>
			<table:Column width="auto" visible="false" sortProperty="LocDescr" id="LocDescr">
				<Label text="{/#ObjItem/LocDescr/@sap:label}" tooltip="{/#ObjItem/LocDescr/@sap:label}"/>
				<table:template>
					<Text wrapping="false" text="{LocDescr}" tooltip="{LocDescr}"/>
				</table:template>
			</table:Column>
			<table:Column width="auto" visible="false" sortProperty="EpcIdUriLoc" id="EpcIdUriLoc">
				<Label text="{/#ObjItem/EpcIdUriLoc/@sap:label}" tooltip="{/#ObjItem/EpcIdUriLoc/@sap:label}"/>
				<table:template>
					<Text wrapping="false" text="{EpcIdUriLoc}" tooltip="{EpcIdUriLoc}"/>
				</table:template>
			</table:Column>
			<table:Column width="auto" visible="false" sortProperty="Ncode" id="Ncode">
				<Label text="{/#ObjItem/Ncode/@sap:label}" tooltip="{/#ObjItem/Ncode/@sap:label}"/>
				<table:template>
					<Text wrapping="false" text="{Ncode}" tooltip="{Ncode}"/>
				</table:template>
			</table:Column>
			<table:Column width="auto" visible="false" sortProperty="Rcode" id="Rcode">
				<Label text="{/#ObjItem/Rcode/@sap:label}" tooltip="{/#ObjItem/Rcode/@sap:label}"/>
				<table:template>
					<Text wrapping="false" text="{Rcode}" tooltip="{Rcode}"/>
				</table:template>
			</table:Column>
			<table:Column width="auto" visible="false" sortProperty="StatusObj" id="StatusObj">
				<Label text="{/#ObjItem/StatusObj/@sap:label}" tooltip="{/#ObjItem/StatusObj/@sap:label}"/>
				<table:template>
					<Text wrapping="false" text="{path: 'StatusObj', formatter: 'com.sap.cd.sttp.zcockpit.model.formatter.FixedValueFormatter.FixedValueStatusObj'}"
						tooltip="{path: 'StatusObj', formatter: 'com.sap.cd.sttp.zcockpit.model.formatter.FixedValueFormatter.FixedValueStatusObj'}"/>
				</table:template>
			</table:Column>
			<table:Column width="auto" visible="false" sortProperty="Storage" id="Storage">
				<Label text="{/#ObjItem/Storage/@sap:label}" tooltip="{/#ObjItem/Storage/@sap:label}"/>
				<table:template>
					<Text wrapping="false" text="{Storage}" tooltip="{path: 'Storage', formatter: 'com.sap.cd.sttp.zcockpit.model.formatter.GeneralFormatter.ToString'}"/>
				</table:template>
			</table:Column>
			<table:Column width="auto" visible="false" sortProperty="Matnr" id="Matnr">
				<Label text="{/#ObjItem/Matnr/@sap:label}" tooltip="{/#ObjItem/Matnr/@sap:label}"/>
				<table:template>
					<Text wrapping="false" text="{Matnr}" tooltip="{Matnr}"/>
				</table:template>
			</table:Column>
			<table:Column width="auto" visible="false" sortProperty="CreationUser" id="CreationUser">
				<Label text="{/#ObjItem/CreationUser/@sap:label}" tooltip="{/#ObjItem/CreationUser/@sap:label}"/>
				<table:template>
					<Text wrapping="false" text="{CreationUser}" tooltip="{CreationUser}"/>
				</table:template>
			</table:Column>
			<table:Column width="auto" visible="false" sortProperty="ModifiedUser" id="ModifiedUser">
				<Label text="{/#ObjItem/ModifiedUser/@sap:label}" tooltip="{/#ObjItem/ModifiedUser/@sap:label}"/>
				<table:template>
					<Text wrapping="false" text="{ModifiedUser}" tooltip="{ModifiedUser}"/>
				</table:template>
			</table:Column>
			<table:Column width="auto" visible="false" sortProperty="CreationTime" id="CreationTime">
				<Label text="{/#ObjItem/CreationTime/@sap:label}" tooltip="{/#ObjItem/CreationTime/@sap:label}"/>
				<table:template>
					<Text wrapping="false" text="{path: 'CreationTime', type: 'sap.ui.model.type.DateTime', formatOptions: { UTC:false, pattern: 'yyyy-MM-dd HH:mm:ss'}}"
						tooltip="{path: 'CreationTime', type: 'sap.ui.model.type.DateTime', formatOptions: { UTC:false, pattern: 'yyyy-MM-dd HH:mm:ss'}}"/>
				</table:template>
			</table:Column>
			<table:Column width="auto" visible="false" sortProperty="ModifiedTime" id="ModifiedTime">
				<Label text="{/#ObjItem/ModifiedTime/@sap:label}" tooltip="{/#ObjItem/ModifiedTime/@sap:label}"/>
				<table:template>
					<Text wrapping="false" text="{path: 'ModifiedTime', type: 'sap.ui.model.type.DateTime', formatOptions: { UTC:false, pattern: 'yyyy-MM-dd HH:mm:ss'}}"
						tooltip="{path: 'ModifiedTime', type: 'sap.ui.model.type.DateTime', formatOptions: { UTC:false, pattern: 'yyyy-MM-dd HH:mm:ss'}}"/>
				</table:template>
			</table:Column>
			<core:Fragment fragmentName="com.sap.cd.sttp.zcockpit.extp.OBJECT_MASTER_TABLE_COL" type="XML"/>
		</table:columns>
	</table:Table>

</core:FragmentDefinition>