<!-- 

 Copyright (C) 2009-2019 SAP SE or an SAP affiliate company. All rights reserved.

 --> 
<core:FragmentDefinition xmlns:core="sap.ui.core" xmlns:l="sap.ui.layout" xmlns="sap.m" xmlns:fb="sap.ui.comp.filterbar"
	xmlns:app="http://schemas.sap.com/sapui5/extension/sap.ui.core.CustomData/1">
	<fb:FilterBar id="filterbar" search="com.sap.cd.sttp.zcockpit.delegate.shared.MasterFilterDelegate.onSearch" app:entitySet="/EventSet"
		class="marginInsideShellTransaction" showRestoreButton="false" showClearButton="true" showClearOnFB="true" filterBarExpanded="true"
		clear="com.sap.cd.sttp.zcockpit.delegate.shared.MasterFilterDelegate.onClear" persistencyKey="filterbarEvents">
		<fb:filterItems>
			<fb:FilterItem name="Objcode" label="{/#Event/Objcode/@sap:label}" visibleInFilterBar="true">
				<fb:control>
					<Input name="Objcode" type="Text"
						placeholder="{parts:['i18n>ENTER_PLACEHOLDER', '/#Event/Objcode/@sap:label'], formatter: 'jQuery.sap.formatMessage'}"/>
				</fb:control>
			</fb:FilterItem>
			<fb:FilterItem name="Evttype" label="{/#Event/Evttype/@sap:label}" visibleInFilterBar="true">
				<fb:control>
					<Select name="Evttype" items="{templateShareable: false, path:'fixedValues>/FixedValueSet/Evttype'}">
						<core:Item key="{fixedValues>Domvalue_l}" text="{fixedValues>Domvalue_l} - {fixedValues>Ddtext}"/>
					</Select>
				</fb:control>
			</fb:FilterItem>
			<fb:FilterItem name="Evttime_From" label="{i18n>EVT_TIME_FROM}" visibleInFilterBar="true">
				<fb:control>
					<DateTimeInput value="{settings>/TodayBegin}" type="DateTime" valueFormat="yyyyMMddHHmmss" name="Evttime_From" displayFormat="yyyy-MM-dd HH:mm"
						placeholder="{parts:['i18n>ENTER_PLACEHOLDER', 'i18n>EVT_TIME_FROM'], formatter: 'jQuery.sap.formatMessage'}"/>
				</fb:control>
			</fb:FilterItem>
			<fb:FilterItem name="Evttime_To" label="{i18n>EVT_TIME_TO}" visibleInFilterBar="true">
				<fb:control>
					<DateTimeInput value="{settings>/TodayEnd}" type="DateTime" valueFormat="yyyyMMddHHmmss" name="Evttime_To" displayFormat="yyyy-MM-dd HH:mm"
						placeholder="{parts:['i18n>ENTER_PLACEHOLDER', 'i18n>EVT_TIME_TO'], formatter: 'jQuery.sap.formatMessage'}"/>
				</fb:control>
			</fb:FilterItem>
			<fb:FilterItem name="Evtaction" label="{/#Event/Evtaction/@sap:label}" visibleInFilterBar="false">
				<fb:control>
					<Select name="Evtaction" items="{templateShareable: false, path:'fixedValues>/FixedValueSet/Evtaction'}">
						<core:Item key="{fixedValues>Domvalue_l}" text="{fixedValues>Domvalue_l} - {fixedValues>Ddtext}"/>
					</Select>
				</fb:control>
			</fb:FilterItem>
			<fb:FilterItem name="Bizstep" label="{/#Event/Bizstep/@sap:label}" visibleInFilterBar="false">
				<fb:control>
					<Input name="Bizstep" type="Text"
						placeholder="{parts:['i18n>ENTER_PLACEHOLDER', '/#Event/Bizstep/@sap:label'], formatter: 'jQuery.sap.formatMessage'}"
						showValueHelp="true" valueHelpRequest="com.sap.cd.sttp.zcockpit.delegate.shared.MasterFilterDelegate.handleValueHelpRequest"/>
				</fb:control>
			</fb:FilterItem>
			<fb:FilterItem name="Disposition" label="{/#Event/Disposition/@sap:label}" visibleInFilterBar="false">
				<fb:control>
					<Input name="Disposition" type="Text"
						placeholder="{parts:['i18n>ENTER_PLACEHOLDER', '/#Event/Disposition/@sap:label'], formatter: 'jQuery.sap.formatMessage'}"
						showValueHelp="true" valueHelpRequest="com.sap.cd.sttp.zcockpit.delegate.shared.MasterFilterDelegate.handleValueHelpRequest"/>
				</fb:control>
			</fb:FilterItem>
			<fb:FilterItem name="ReadpntEpcIdUri" label="{/#Event/ReadpntEpcIdUri/@sap:label}" visibleInFilterBar="false">
				<fb:control>
					<Input name="ReadpntEpcIdUri" type="Text"
						placeholder="{parts:['i18n>ENTER_PLACEHOLDER', '/#Event/ReadpntEpcIdUri/@sap:label'], formatter: 'jQuery.sap.formatMessage'}"/>
				</fb:control>
			</fb:FilterItem>			
			<fb:FilterItem name="ReadpntGln" label="{/#Event/ReadpntGln/@sap:label}" visibleInFilterBar="false">
				<fb:control>
					<Input name="ReadpntGln" type="Text"
						placeholder="{parts:['i18n>ENTER_PLACEHOLDER', '/#Event/ReadpntGln/@sap:label'], formatter: 'jQuery.sap.formatMessage'}"/>
				</fb:control>
			</fb:FilterItem>
			<fb:FilterItem name="ReadpntGlnExt" label="{/#Event/ReadpntGlnExt/@sap:label}" visibleInFilterBar="false">
				<fb:control>
					<Input name="ReadpntGlnExt" type="Text"
						placeholder="{parts:['i18n>ENTER_PLACEHOLDER', '/#Event/ReadpntGlnExt/@sap:label'], formatter: 'jQuery.sap.formatMessage'}"/>
				</fb:control>
			</fb:FilterItem>
			<fb:FilterItem name="BizlocEpcIdUri" label="{/#Event/BizlocEpcIdUri/@sap:label}" visibleInFilterBar="false">
				<fb:control>
					<Input name="BizlocEpcIdUri" type="Text"
						placeholder="{parts:['i18n>ENTER_PLACEHOLDER', '/#Event/BizlocEpcIdUri/@sap:label'], formatter: 'jQuery.sap.formatMessage'}"/>
				</fb:control>
			</fb:FilterItem>			
			<fb:FilterItem name="BizlocGln" label="{/#Event/BizlocGln/@sap:label}" visibleInFilterBar="false">
				<fb:control>
					<Input name="BizlocGln" type="Text"
						placeholder="{parts:['i18n>ENTER_PLACEHOLDER', '/#Event/BizlocGln/@sap:label'], formatter: 'jQuery.sap.formatMessage'}"/>
				</fb:control>
			</fb:FilterItem>
			<fb:FilterItem name="BizlocGlnExt" label="{/#Event/BizlocGlnExt/@sap:label}" visibleInFilterBar="false">
				<fb:control>
					<Input name="BizlocGlnExt" type="Text"
						placeholder="{parts:['i18n>ENTER_PLACEHOLDER', '/#Event/BizlocGlnExt/@sap:label'], formatter: 'jQuery.sap.formatMessage'}"/>
				</fb:control>
			</fb:FilterItem>
			<fb:FilterItem name="CreationUser" label="{/#Event/CreationUser/@sap:label}" visibleInFilterBar="false">
				<fb:control>
					<Input name="CreationUser" app:fragment="User" type="Text"
						placeholder="{parts:['i18n>ENTER_PLACEHOLDER', '/#Event/CreationUser/@sap:label'], formatter: 'jQuery.sap.formatMessage'}"
						showValueHelp="true" valueHelpRequest="com.sap.cd.sttp.zcockpit.delegate.shared.MasterFilterDelegate.handleValueHelpRequest"/>
				</fb:control>
			</fb:FilterItem>
			<fb:FilterItem name="CreationTime_From" label="{i18n>REPEVT_TIME_FROM}" visibleInFilterBar="false">
				<fb:control>
					<DateTimeInput type="DateTime" valueFormat="yyyyMMddHHmmss" name="CreationTime_From" displayFormat="yyyy-MM-dd HH:mm"
						placeholder="{parts:['i18n>ENTER_PLACEHOLDER', 'i18n>REPEVT_TIME_FROM'], formatter: 'jQuery.sap.formatMessage'}"/>
				</fb:control>
			</fb:FilterItem>
			<fb:FilterItem name="CreationTime_To" label="{i18n>REPEVT_TIME_TO}" visibleInFilterBar="false">
				<fb:control>
					<DateTimeInput type="DateTime" valueFormat="yyyyMMddHHmmss" name="CreationTime_To" displayFormat="yyyy-MM-dd HH:mm"
						placeholder="{parts:['i18n>ENTER_PLACEHOLDER', 'i18n>REPEVT_TIME_TO'], formatter: 'jQuery.sap.formatMessage'}"/>
				</fb:control>
			</fb:FilterItem>
		</fb:filterItems>
	</fb:FilterBar>
</core:FragmentDefinition>