<!-- 

 Copyright (C) 2009-2019 SAP SE or an SAP affiliate company. All rights reserved.

 --> 
<core:FragmentDefinition xmlns:core="sap.ui.core" xmlns="sap.m" xmlns:table="sap.ui.table">
	<table:Table id="masterTable" visibleRowCountMode="Auto" selectionMode="Single" selectionBehavior="RowOnly" editable="false"
		class="attTable attMasterTable" rowHeight="26" noData="{i18n>MASTER_TABLE_NO_DATA}">
		<table:toolbar>
			<Toolbar>
				<Label text="{i18n>EVENTLIST_HEADER}"></Label>
				<ToolbarSpacer></ToolbarSpacer>
				<Button type="Transparent" id="persButton" icon="sap-icon://action-settings" tooltip="{i18n>OBJLIST_PERSONALIZE_BUTTON}"/>
				<Button type="Transparent" icon="sap-icon://excel-attachment" press="com.sap.cd.sttp.zcockpit.delegate.shared.ExportDelegate.exportDataFromTable"
					tooltip="{i18n>OBJLIST_EXPORT_BUTTON}"/>
			</Toolbar>
		</table:toolbar>
		<table:columns>
			<table:Column width="auto" sortProperty="Evttime" id="Evttime">
				<Label text="{/#Event/Evttime/@sap:label}" tooltip="{/#Event/Evttime/@sap:label}"></Label>
				<table:template>
					<Link text="{path: 'Evttime', type: 'sap.ui.model.type.DateTime', formatOptions: { pattern: 'yyyy-MM-dd HH:mm:ss',UTC:true} }"
						tooltip="{path: 'Evttime', type: 'sap.ui.model.type.DateTime', formatOptions: { pattern: 'yyyy-MM-dd HH:mm:ss',UTC:true} }"
						press="com.sap.cd.sttp.zcockpit.delegate.shared.CrossNavigationDelegate.navToEvent"></Link>
				</table:template>
			</table:Column>
			<table:Column width="auto" sortProperty="Evttzoneoffset" id="Evttzoneoffset">
				<Label text="{/#Event/Evttzoneoffset/@sap:label}" tooltip="{/#Event/Evttzoneoffset/@sap:label}"></Label>
				<table:template>
					<Text wrapping="false" text="{Evttzoneoffset}" tooltip="{Evttzoneoffset}"></Text>
				</table:template>
			</table:Column>
			<table:Column width="auto" sortProperty="Evttype" id="Evttype">
				<Label text="{/#Event/Evttype/@sap:label}" tooltip="{/#Event/Evttype/@sap:label}"></Label>
				<table:template>
					<Text wrapping="false" text="{path: 'Evttype', formatter: 'com.sap.cd.sttp.zcockpit.model.formatter.FixedValueFormatter.FixedValueEvttype'}"
					tooltip="{path: 'Evttype', formatter: 'com.sap.cd.sttp.zcockpit.model.formatter.FixedValueFormatter.FixedValueEvttype'}"></Text>
				</table:template>
			</table:Column>
			<table:Column width="auto" sortProperty="Evtaction" id="Evtaction">
				<Label text="{/#Event/Evtaction/@sap:label}" tooltip="{/#Event/Evtaction/@sap:label}"></Label>
				<table:template>
					<Text wrapping="false" text="{Evtaction}" tooltip="{path: 'Evtaction', formatter: 'com.sap.cd.sttp.zcockpit.model.formatter.GeneralFormatter.ToString'}"></Text>
				</table:template>
			</table:Column>
			<table:Column width="auto" sortProperty="Bizstep" id="Bizstep">
				<Label text="{/#Event/Bizstep/@sap:label}" tooltip="{/#Event/Bizstep/@sap:label}"></Label>
				<table:template>
					<Text wrapping="false" text="{path: 'Bizstep', formatter: 'com.sap.cd.sttp.zcockpit.model.formatter.FixedValueFormatter.FixedValueBizstep'}"
					tooltip="{path: 'Bizstep', formatter: 'com.sap.cd.sttp.zcockpit.model.formatter.FixedValueFormatter.FixedValueBizstep'}"></Text>
				</table:template>
			</table:Column>
			<table:Column width="auto" sortProperty="Disposition" id="Disposition">
				<Label text="{/#Event/Disposition/@sap:label}" tooltip="{/#Event/Disposition/@sap:label}"></Label>
				<table:template>
					<Text wrapping="false" text="{path: 'Disposition', formatter: 'com.sap.cd.sttp.zcockpit.model.formatter.FixedValueFormatter.FixedValueDisposition'}"
					tooltip="{path: 'Disposition', formatter: 'com.sap.cd.sttp.zcockpit.model.formatter.FixedValueFormatter.FixedValueDisposition'}"></Text>
				</table:template>
			</table:Column>
			<table:Column width="auto" sortProperty="ReadpntGln" id="ReadpntGln">
				<Label text="{/#Event/ReadpntGln/@sap:label}" tooltip="{/#Event/ReadpntGln/@sap:label}"></Label>
				<table:template>
					<Text wrapping="false" text="{ReadpntGln}" tooltip="{ReadpntGln}"></Text>
				</table:template>
			</table:Column>
			<table:Column width="auto" sortProperty="ReadpntGlnExt" id="ReadpntGlnExt">
				<Label text="{/#Event/ReadpntGlnExt/@sap:label}" tooltip="{/#Event/ReadpntGlnExt/@sap:label}"></Label>
				<table:template>
					<Text wrapping="false" text="{ReadpntGlnExt}" tooltip="{ReadpntGlnExt}"></Text>
				</table:template>
			</table:Column>


			<!-- Hidden Fields -->

			<table:Column width="auto" visible="false" sortProperty="StatusEvt" id="StatusEvt">
				<Label text="{/#Event/StatusEvt/@sap:label}" tooltip="{/#Event/StatusEvt/@sap:label}"/>
				<table:template>
					<Text wrapping="false" text="{StatusEvt}" tooltip="{path: 'StatusEvt', formatter: 'com.sap.cd.sttp.zcockpit.model.formatter.GeneralFormatter.ToString'}"/>
				</table:template>
			</table:Column>
			<table:Column width="auto" visible="false" sortProperty="BizlocGln" id="BizlocGln">
				<Label text="{/#Event/BizlocGln/@sap:label}" tooltip="{/#Event/BizlocGln/@sap:label}"/>
				<table:template>
					<Text wrapping="false" text="{BizlocGln}" tooltip="{BizlocGln}"/>
				</table:template>
			</table:Column>
			<table:Column width="auto" visible="false" sortProperty="BizlocGlnExt" id="BizlocGlnExt">
				<Label text="{/#Event/BizlocGlnExt/@sap:label}" tooltip="{/#Event/BizlocGlnExt/@sap:label}"/>
				<table:template>
					<Text wrapping="false" text="{BizlocGlnExt}" tooltip="{BizlocGlnExt}"/>
				</table:template>
			</table:Column>
			<table:Column width="auto" visible="false" sortProperty="TrgCountry" id="TrgCountry">
				<Label text="{/#Event/TrgCountry/@sap:label}" tooltip="{/#Event/TrgCountry/@sap:label}"/>
				<table:template>
					<Text wrapping="false" text="{TrgCountry}" tooltip="{TrgCountry}"/>
				</table:template>
			</table:Column>
			<table:Column width="auto" visible="false" sortProperty="CreationUser" id="CreationUser">
				<Label text="{/#Event/CreationUser/@sap:label}" tooltip="{/#Event/CreationUser/@sap:label}"/>
				<table:template>
					<Text wrapping="false" text="{CreationUser}" tooltip="{CreationUser}"/>
				</table:template>
			</table:Column>
			<table:Column width="auto" visible="false" sortProperty="BizlocEpcIdUri" id="BizlocEpcIdUri">
				<Label text="{/#Event/BizlocEpcIdUri/@sap:label}" tooltip="{/#Event/BizlocEpcIdUri/@sap:label}"/>
				<table:template>
					<Text wrapping="false" text="{BizlocEpcIdUri}" tooltip="{BizlocEpcIdUri}"/>
				</table:template>
			</table:Column>
			<table:Column width="auto" visible="false" sortProperty="BizlocLocno" id="BizlocLocno">
				<Label text="{/#Event/BizlocLocno/@sap:label}" tooltip="{/#Event/BizlocLocno/@sap:label}"/>
				<table:template>
					<Text wrapping="false" text="{BizlocLocno}" tooltip="{BizlocLocno}"/>
				</table:template>
			</table:Column>
			<table:Column width="auto" visible="false" sortProperty="BizlocLocDescr" id="BizlocLocDescr">
				<Label text="{/#Event/BizlocLocDescr/@sap:label}" tooltip="{/#Event/BizlocLocDescr/@sap:label}"/>
				<table:template>
					<Text wrapping="false" text="{BizlocLocDescr}" tooltip="{BizlocLocDescr}"/>
				</table:template>
			</table:Column>
			<table:Column width="auto" visible="false" sortProperty="BizlocLocType" id="BizlocLocType">
				<Label text="{/#Event/BizlocLocType/@sap:label}" tooltip="{/#Event/BizlocLocType/@sap:label}"/>
				<table:template>
					<Text wrapping="false" text="{path: 'BizlocLocType', formatter: 'com.sap.cd.sttp.zcockpit.model.formatter.FixedValueFormatter.FixedValueLocType'}"
					tooltip="{path: 'BizlocLocType', formatter: 'com.sap.cd.sttp.zcockpit.model.formatter.FixedValueFormatter.FixedValueLocType'}"/>
				</table:template>
			</table:Column>
			<table:Column width="auto" visible="false" sortProperty="ReadpntEpcIdUri" id="ReadpntEpcIdUri">
				<Label text="{/#Event/ReadpntEpcIdUri/@sap:label}" tooltip="{/#Event/ReadpntEpcIdUri/@sap:label}"/>
				<table:template>
					<Text wrapping="false" text="{ReadpntEpcIdUri}" tooltip="{ReadpntEpcIdUri}"/>
				</table:template>
			</table:Column>
			<table:Column width="auto" visible="false" sortProperty="ReadpntLocno" id="ReadpntLocno">
				<Label text="{/#Event/ReadpntLocno/@sap:label}" tooltip="{/#Event/ReadpntLocno/@sap:label}"/>
				<table:template>
					<Text wrapping="false" text="{ReadpntLocno}" tooltip="{ReadpntLocno}"/>
				</table:template>
			</table:Column>
			<table:Column width="auto" visible="false" sortProperty="ReadpntLocDescr" id="ReadpntLocDescr">
				<Label text="{/#Event/ReadpntLocDescr/@sap:label}" tooltip="{/#Event/ReadpntLocDescr/@sap:label}"/>
				<table:template>
					<Text wrapping="false" text="{ReadpntLocDescr}" tooltip="{ReadpntLocDescr}"/>
				</table:template>
			</table:Column>
			<table:Column width="auto" visible="false" sortProperty="ReadpntLocType" id="ReadpntLocType">
				<Label text="{/#Event/ReadpntLocType/@sap:label}" tooltip="{/#Event/ReadpntLocType/@sap:label}"/>
				<table:template>
					<Text wrapping="false" text="{path: 'ReadpntLocType', formatter: 'com.sap.cd.sttp.zcockpit.model.formatter.FixedValueFormatter.FixedValueLocType'}"
					tooltip="{path: 'ReadpntLocType', formatter: 'com.sap.cd.sttp.zcockpit.model.formatter.FixedValueFormatter.FixedValueLocType'}"/>
				</table:template>
			</table:Column>
			<table:Column width="auto" visible="false" sortProperty="Storage" id="Storage">
				<Label text="{/#Event/Storage/@sap:label}" tooltip="{/#Event/Storage/@sap:label}"/>
				<table:template>
					<Text wrapping="false" text="{Storage}" tooltip="{Storage}"/>
				</table:template>
			</table:Column>
			<table:Column width="auto" sortProperty="AutoEvent" id="AutoEvent">
				<Label text="{/#Event/AutoEvent/@sap:label}" tooltip="{/#Event/AutoEvent/@sap:label}"></Label>
				<table:template>
					<core:Icon src="{path: 'AutoEvent',  formatter: 'com.sap.cd.sttp.zcockpit.model.formatter.GeneralFormatter.IndicatorIcon'}"/>
				</table:template>
			</table:Column>
			<table:Column width="auto" visible="false" sortProperty="CreationTime" id="CreationTime">
				<Label text="{/#Event/CreationTime/@sap:label}" tooltip="{/#Event/CreationTime/@sap:label}"/>
				<table:template>
					<Text wrapping="false" text="{path: 'CreationTime', type: 'sap.ui.model.type.DateTime', formatOptions: { UTC:false, pattern: 'yyyy-MM-dd HH:mm:ss'}}"
						tooltip="{path: 'CreationTime', type: 'sap.ui.model.type.DateTime', formatOptions: { UTC:false, pattern: 'yyyy-MM-dd HH:mm:ss'}}"/>
				</table:template>
			</table:Column>
			<core:Fragment fragmentName="com.sap.cd.sttp.zcockpit.extp.EVENT_MASTER_TABLE_COL" type="XML"/>
		</table:columns>
	</table:Table>
</core:FragmentDefinition>