<!-- 

 Copyright (C) 2009-2019 SAP SE or an SAP affiliate company. All rights reserved.

 --> 
<core:FragmentDefinition xmlns:core="sap.ui.core" xmlns="sap.m" xmlns:layout="sap.ui.layout" xmlns:f="sap.ui.layout.form">
<Dialog title="{i18n>DIALOG_TITLE}" type="Message">
		<f:SimpleForm layout="ResponsiveGridLayout">
			<Label text="{i18n>DIALOG_FORM_TYPE}"></Label>
			<Text text="{dialog>/Type}"></Text>
			<Label text="{i18n>DIALOG_FORM_OBJECT}"></Label>
			<Text text="{dialog>/Object}"></Text>
			<Label text="{i18n>DIALOG_FORM_PARENT}"></Label>
			<Text text="{dialog>/Parent}"></Text>
			<Label text="{i18n>DIALOG_FORM_READPOINT}"></Label>
			<Text visible="{= !${dialog>/readpt_sel} }" text="{dialog>/ReadPoint}"></Text>
			<Input visible="{= !!${dialog>/readpt_sel} }" valueHelpOnly="true" showValueHelp="true" valueHelpRequest="com.sap.cd.sttp.zcockpit.delegate.shared.epcis.DialogDelegate.handleValueHelpRequestReadpt" value="{dialog>/ReadPoint}"/>
			<Label text="{i18n>DIALOG_FORM_BIZLOC}"></Label>
			<Input visible="{= ${dialog>/bizloc_sel} }" valueHelpOnly="true" showValueHelp="true" valueHelpRequest="com.sap.cd.sttp.zcockpit.delegate.shared.epcis.DialogDelegate.handleValueHelpRequestBizloc" value="{dialog>/BizLoc}"/>
			<Label visible="{= !!${dialog>/biztr_sel} }" text="{i18n>DIALOG_FORM_TRNTYPE}"></Label>
			<Select visible="{= !!${dialog>/biztr_sel} }" items="{fixedValues>/FixedValueSet/BizTrnType}" selectedKey="{dialog>/Bizttype}">
				<core:Item key="{fixedValues>Domvalue_l}" text="{fixedValues>Ddtext}"/>
			</Select>
			<Label visible="{= !!${dialog>/biztr_sel} }" text="{i18n>DIALOG_FORM_DOCID}"></Label>
			<Input visible="{= !!${dialog>/biztr_sel} }" valueHelpOnly="false" showValueHelp="true" valueHelpRequest="com.sap.cd.sttp.zcockpit.delegate.shared.epcis.DialogDelegate.handleValueHelpRequestDocnum" 
			value="{path: 'dialog>/Docnum', formatter: 'com.sap.cd.sttp.zcockpit.model.formatter.GeneralFormatter.RemoveLeadingZeros'}" enabled="{= !!${dialog>/Bizttype} }"/>
			<Label visible="{= !!${dialog>/biztr_sel} }" text="{i18n>DIALOG_FORM_TRNCODE}"></Label>
			<Text visible="{= !!${dialog>/biztr_sel} }" text="{dialog>/Trncode}"/>
		</f:SimpleForm>
		<beginButton>
			<Button id="btnSubmit" text="{i18n>DIALOG_BTN_SUBMIT}" enabled="{= !!${dialog>/ReadPoint} }"></Button>
		</beginButton>
		<endButton>
			<Button text="{i18n>DIALOG_BTN_CANCEL}"></Button>
		</endButton>
	</Dialog>
</core:FragmentDefinition>