<!-- 

 Copyright (C) 2009-2019 SAP SE or an SAP affiliate company. All rights reserved.

 --> 
<core:FragmentDefinition xmlns:core="sap.ui.core" xmlns:l="sap.ui.layout" xmlns:f="sap.ui.layout.form" xmlns="sap.m">
	<f:SimpleForm minWidth="1024" maxContainerCols="3" editable="false" layout="ResponsiveGridLayout" columnsL="2" columnsM="2">
		<core:Title text="{i18n>LOT_IDENTIFIERS_HEADER}"/>
		<Label text="{/#Lot/Gs1EsB/@sap:label}" tooltip="{/#Lot/Gs1EsB/@sap:label}"/>
		<Text text="{Gs1EsB}"/>
		<Label text="{/#Lot/Gtin/@sap:label}" tooltip="{/#Lot/Gtin/@sap:label}"/>
		<Text text="{Gtin}"/>
		<Label text="{/#Lot/Descr/@sap:label}" tooltip="{/#Lot/Descr/@sap:label}"/>
		<Text text="{Descr}"/>
		<Label text="{/#Lot/Lotno/@sap:label}" tooltip="{/#Lot/Lotno/@sap:label}"/>
		<Text text="{Lotno}"/>
		<Label text="{/#Lot/EpcClassUri/@sap:label}" tooltip="{/#Lot/EpcClassUri/@sap:label}"/>
		<Text text="{EpcClassUri}"/>
		<core:Title text="{i18n>LOT_DATA_HEADER}"/>
		<Label text="{/#Lot/StatusObj/@sap:label}" tooltip="{/#Lot/StatusObj/@sap:label}"/>
		<Text text="{path: 'StatusObj', formatter: 'com.sap.cd.sttp.zcockpit.model.formatter.FixedValueFormatter.FixedValueStatusObj'}"/>
		<Label text="{/#Lot/Disposition/@sap:label}" tooltip="{/#Lot/Disposition/@sap:label}"/>
		<Text text="{path: 'Disposition', formatter: 'com.sap.cd.sttp.zcockpit.model.formatter.FixedValueFormatter.FixedValueDisposition'}"/>
		<Label text="{/#Lot/Gln/@sap:label}" tooltip="{/#Lot/Gln/@sap:label}"/>
		<Text text="{Gln}" tooltip="{Gln} "/>
		<Label text="{/#Lot/GlnExt/@sap:label}" tooltip="{/#Lot/GlnExt/@sap:label}"/>
		<Text text="{GlnExt}" tooltip="{GlnExt} "/>
		<Label text="{/#Lot/Datex/@sap:label}" tooltip="{/#Lot/Datex/@sap:label}"/>
		<Text text="{path: 'Datex', type: 'sap.ui.model.type.DateTime', formatOptions: { pattern: 'yyyy-MM-dd', UTC: true }}"/>
		<Label text="{/#Lot/Datmf/@sap:label}" tooltip="{/#Lot/Datmf/@sap:label}"/>
		<Text text="{path: 'Datmf', type: 'sap.ui.model.type.DateTime', formatOptions: { pattern: 'yyyy-MM-dd', UTC: true }}"/>
		<Label text="{/#Lot/ItemCount/@sap:label}" tooltip="{/#Lot/ItemCount/@sap:label}"/>
		<Text text="{ItemCount}"/>
		<Label text="{/#Lot/QtyProd/@sap:label}" tooltip="{/#Lot/QtyProd/@sap:label}"/>
		<Text text="{QtyProd}"/>
	</f:SimpleForm>
</core:FragmentDefinition>