<!-- 

 Copyright (C) 2009-2019 SAP SE or an SAP affiliate company. All rights reserved.

 --> 
<core:FragmentDefinition xmlns:core="sap.ui.core" xmlns:l="sap.ui.layout" xmlns="sap.m" xmlns:uxap="sap.uxap">
	<l:VerticalLayout>
		<l:layoutData>
			<uxap:ObjectPageHeaderLayoutData/>
		</l:layoutData>
		<ObjectStatus title="{/#Lot/EpcClassUri/@sap:label}" text="{EpcClassUri}"/>
		<ObjectStatus title="{/#Lot/Gtin/@sap:label}" text="{Gtin}"/>
		<ObjectStatus title="{/#Lot/Descr/@sap:label}" text="{Descr}"/>
		<ObjectStatus title="{/#Lot/Lotno/@sap:label}" text="{Lotno}"/>
	</l:VerticalLayout>

	<l:VerticalLayout>
		<l:layoutData>
			<uxap:ObjectPageHeaderLayoutData/>
		</l:layoutData>
		<ObjectStatus title="{/#Lot/Gln/@sap:label}" text="{Gln} / {GlnExt}"/>
		<ObjectStatus title="{/#Lot/Datex/@sap:label}" text="{path: 'Datex', type: 'sap.ui.model.type.DateTime', formatOptions: { pattern: 'yyyy-MM-dd', UTC: true }}"/>
		<ObjectStatus title="{/#Lot/Datmf/@sap:label}" text="{path: 'Datmf', type: 'sap.ui.model.type.DateTime', formatOptions: { pattern: 'yyyy-MM-dd', UTC: true }}"/>
	</l:VerticalLayout>

	<l:VerticalLayout>
		<l:layoutData>
			<uxap:ObjectPageHeaderLayoutData/>
		</l:layoutData>
		<ObjectStatus title="{/#Container/StatusObj/@sap:label}" text="{path: 'StatusObj', formatter: 'com.sap.cd.sttp.zcockpit.model.formatter.FixedValueFormatter.FixedValueStatusObj'}"/>
		<ObjectStatus title="{/#Container/Disposition/@sap:label}" text="{path: 'Disposition', formatter: 'com.sap.cd.sttp.zcockpit.model.formatter.FixedValueFormatter.FixedValueDisposition'}"/>
		<ObjectStatus title="{/#Lot/ItemCount/@sap:label}" text="{ItemCount}"/>
		<ObjectStatus title="{/#Lot/QtyProd/@sap:label}" text="{QtyProd}"/>
	</l:VerticalLayout>	
</core:FragmentDefinition>