<!-- 

 Copyright (C) 2009-2019 SAP SE or an SAP affiliate company. All rights reserved.

 --> 
<core:FragmentDefinition xmlns:core="sap.ui.core" xmlns:l="sap.ui.layout" xmlns="sap.m">
	<Table id="relatedItemsTable" inset="false" width="auto" growing="false" class="marginInsideShellContainer sapUiSizeCompact sapUiMediumMarginBegin sapUiMediumMarginEnd" mode="None" items="{TrnTrnItm}">
		<columns>
			<Column minScreenWidth="Large" demandPopin="true" width="auto">
				<Label text="{/#TrnItem/Docpos/@sap:label}"/>
			</Column>
			<Column minScreenWidth="Large" demandPopin="true" width="auto">
				<Label text="{/#TrnItem/Gtin/@sap:label}"/>
			</Column>
			<Column minScreenWidth="Large" demandPopin="true" width="auto">
				<Label text="{/#TrnItem/Descr/@sap:label}"/>
			</Column>
			<Column minScreenWidth="Large" demandPopin="true" width="auto">
				<Label text="{/#TrnItem/StatusItm/@sap:label}"/>
			</Column>
			<Column minScreenWidth="Large" demandPopin="true" width="auto">
				<Label text="{/#TrnItem/QuantityPlan/@sap:label}"/>
			</Column>
			<Column minScreenWidth="Large" demandPopin="true" width="auto">
				<Label text="{/#TrnItem/QuantityConf/@sap:label}"/>
			</Column>
			<Column minScreenWidth="Large" demandPopin="true" width="auto">
				<Label text="{/#TrnItem/QuantityUom/@sap:label}"/>
			</Column>
			<Column minScreenWidth="Large" demandPopin="true" width="auto">
				<Label text="{/#TrnItem/Lotno/@sap:label}"/>
			</Column>
			<core:Fragment fragmentName="com.sap.cd.sttp.zcockpit.extp.TRANS_DETAIL_RELITEM_TABLE_COL" type="XML"/>
		</columns>
		<ColumnListItem type="Active">
			<cells>
				<Text text="{parts: [{path: 'Docpos'}, {path: 'ItemRef'}], formatter: 'com.sap.cd.sttp.zcockpit.model.formatter.GeneralFormatter.DocPositionFormatter'}"/>
				<Text text="{Gtin}"/>
				<Text text="{Descr}"/>
				<Text text="{path: 'StatusItm', formatter: 'com.sap.cd.sttp.zcockpit.model.formatter.FixedValueFormatter.FixedValueStatusHdr'}"/>
				<Text text="{QuantityPlan}"/>
				<Text text="{QuantityConf}"/>
				<Text text="{QuantityUom}"/>
				<Text text="{Lotno}"/>
				<core:Fragment fragmentName="com.sap.cd.sttp.zcockpit.extp.TRANS_DETAIL_RELITEM_TABLE_CELL" type="XML"/>
			</cells>
		</ColumnListItem>
	</Table>
</core:FragmentDefinition>