<!-- 

 Copyright (C) 2009-2019 SAP SE or an SAP affiliate company. All rights reserved.

 --> 
<core:FragmentDefinition xmlns:core="sap.ui.core" xmlns:l="sap.ui.layout" xmlns:f="sap.ui.layout.form" xmlns="sap.m">
	<VBox id="repEventDetailsForm" visible="false">
		<f:SimpleForm class="noPaddingTop" minWidth="1024" editable="false" layout="ResponsiveGridLayout" labelSpanM="3" labelSpanL="3" columnsL="1" columnsM="1">
			<core:Title text="{i18n>OBJ_REPEVT_DETAILS_HEADER}"/>
			<Label text="{/#RepEvent/SentTime/@sap:label}" tooltip="{/#RepEvent/SentTime/@sap:label}"/>
			<Text text="{path: 'SentTime', type: 'sap.ui.model.type.DateTime', formatOptions: { pattern: 'yyyy-MM-dd HH:mm:ss',UTC:false}}"/>
			<Label text="{/#RepEvent/RuleType/@sap:label}" tooltip="{/#RepEvent/RuleType/@sap:label}"/>
			<Text text="{RuleType} ({RuleTypeDescr})"/>
			<Label text="{/#RepEvent/NotifType/@sap:label}" tooltip="{/#RepEvent/NotifType/@sap:label}"/>
			<Text text="{NotifType} ({NotifTypeDescr})"/>
			<Label text="{/#RepEvent/CtrGrp/@sap:label}" tooltip="{/#RepEvent/CtrGrp/@sap:label}"/>
			<Text text="{CtrGrp} ({CtrGrpDescr})"/>
			<Label text="{/#RepEvent/Bupno/@sap:label}" tooltip="{/#RepEvent/Bupno/@sap:label}"/>
			<Text text="{path: 'Bupno', formatter: 'com.sap.cd.sttp.zcockpit.model.formatter.GeneralFormatter.RemoveLeadingZeros'} ({Bupname})"/>
			<Label text="{/#RepEvent/StatusResponse/@sap:label}" tooltip="{/#RepEvent/StatusResponse/@sap:label}"/>
			<Text text="{path: 'StatusResponse', formatter: 'com.sap.cd.sttp.zcockpit.model.formatter.FixedValueFormatter.FixedValueStatusResponse'}"/>
			<Label text="{i18n>OBJ_REPEVT_EXPECTED_OPEN_RESPONSES}" tooltip="{i18n>OBJ_REPEVT_EXPECTED_OPEN_RESPONSES}"/>
			<Text text="{ResponsesExpected} / {ResponsesOpen}"/>
		</f:SimpleForm>
		<f:SimpleForm class="noPaddingTop" minWidth="1024" editable="false" layout="ResponsiveGridLayout" visible="{= ${WaitBatchRel} === 'X' }" columnsL="1"
			columnsM="1">
			<core:Title text="{i18n>OBJ_REPEVT_DETAILS_LOTBATCH_APPRVL}"/>
			<Label text="{/#RepEvent/WaitBatchRel/@sap:label}" tooltip="{/#RepEvent/WaitBatchRel/@sap:label}"/>
			<Text text="{WaitBatchRel}"/>
			<Label text="{/#RepEvent/GtinBatch/@sap:label}" tooltip="{/#RepEvent/GtinBatch/@sap:label}"/>
			<Text text="{GtinBatch}"/>
			<Label text="{/#RepEvent/BatchNo/@sap:label}" tooltip="{/#RepEvent/BatchNo/@sap:label}"/>
			<Text text="{BatchNo}"/>
			<Label text="{/#RepEvent/BatchStatus/@sap:label}" tooltip="{/#RepEvent/BatchStatus/@sap:label}"/>
			<Text text="{path: 'BatchStatus', formatter: 'com.sap.cd.sttp.zcockpit.model.formatter.FixedValueFormatter.FixedValueDisposition'}"/>
		</f:SimpleForm>
		<f:SimpleForm class="noPaddingTop" minWidth="1024" editable="false" layout="ResponsiveGridLayout" visible="{= ${WaitUserApprvl} === 'X' }" columnsL="1"
			columnsM="1">
			<core:Title text="{i18n>OBJ_REPEVT_DETAILS_USER_APPRVL}"/>
			<Label text="{/#RepEvent/WaitUserApprvl/@sap:label}" tooltip="{/#RepEvent/WaitUserApprvl/@sap:label}"/>
			<Text text="{WaitUserApprvl}"/>
			<Label text="{/#RepEvent/ApprovedBy/@sap:label}" tooltip="{/#RepEvent/ApprovedBy/@sap:label}"/>
			<Text text="{ApprovedBy}"/>
			<Label text="{/#RepEvent/AprvTime/@sap:label}" tooltip="{/#RepEvent/AprvTime/@sap:label}"/>
			<Text text="{path: 'AprvTime', type: 'sap.ui.model.type.DateTime', formatOptions: { pattern: 'yyyy-MM-dd HH:mm:ss',UTC:false}}"/>
		</f:SimpleForm>
		<f:SimpleForm class="noPaddingTop" minWidth="1024" editable="false" layout="ResponsiveGridLayout" labelSpanM="3" labelSpanL="3" columnsL="1" columnsM="1">
			<core:Title text="{i18n>OBJ_REPEVT_DETAILS_EXT_REF}"/>
			<Label text="{/#RepEvent/ExtRefId/@sap:label}" tooltip="{/#RepEvent/ExtRefId/@sap:label}"/>
			<Text text="{ExtRefId}"/>
		</f:SimpleForm>
	</VBox>
</core:FragmentDefinition>