<!-- 

 Copyright (C) 2009-2019 SAP SE or an SAP affiliate company. All rights reserved.

 --> 
<Dialog
    xmlns:form="sap.ui.layout.form"
    xmlns="sap.m"
    xmlns:core="sap.ui.core"
    id="msgFilesDialog"
    title="{i18n>MSG_FILES_DIALOG_TITLE}">
    <content>
    	<List id="msgFilesList" items="{dialogModel>/results}" itemPress=".itemPress">
    		<StandardListItem icon="sap-icon://document-text" title="{dialogModel>Id}" type="Active"></StandardListItem>
    	</List>
    </content>
    <buttons>
        <Button text="{i18n>MSG_FILES_DIALOG_CANCEL}" press=".cancel" />
    </buttons>
</Dialog>