<!-- 

 Copyright (C) 2009-2019 SAP SE or an SAP affiliate company. All rights reserved.

 --> 
<core:FragmentDefinition xmlns:core="sap.ui.core" xmlns:l="sap.ui.layout" xmlns="sap.m">
	<Table id="repEventsMasterTable" inset="false" width="auto" growing="false" class="marginInsideShellContainer sapUiSizeCompact"
		items="{RepEvt}" itemPress="com.sap.cd.sttp.zcockpit.delegate.shared.DetailsDelegate.handleRepEventPressed" showUnread="true"
		updateFinished="com.sap.cd.sttp.zcockpit.delegate.shared.DetailsDelegate.onRepEventsLoaded">
		<layoutData>
			<l:SplitterLayoutData size="60%"/>
		</layoutData>
		<columns>
			<Column minScreenWidth="Large" demandPopin="true">
				<Label text="{/#RepEvent/CreationTime/@sap:label}"/>
			</Column>
			<Column minScreenWidth="Large" demandPopin="false">
				<Label text="{/#RepEvent/RuleType/@sap:label}"/>
			</Column>
			<Column minScreenWidth="Large" demandPopin="false">
				<Label text="{/#RepEvent/NotifType/@sap:label}"/>
			</Column>
			<Column minScreenWidth="Large" demandPopin="false">
				<Label text="{/#RepEvent/StatusRepEvt/@sap:label}"/>
			</Column>
			<Column minScreenWidth="Large" width="5%" demandPopin="false">
				<Label text="{i18n>COLUMN_TITLE_FILE}"/>
			</Column>
			<core:Fragment fragmentName="com.sap.cd.sttp.zcockpit.extp.SHARED_DETAIL_REPEVENT_TABLE_COL" type="XML"/>
		</columns>
		<ColumnListItem type="Active">
			<cells>
				<Link text="{path: 'CreationTime', type: 'sap.ui.model.type.DateTime', formatOptions: { pattern: 'yyyy-MM-dd HH:mm:ss',UTC:false}}"
				press="com.sap.cd.sttp.zcockpit.delegate.shared.CrossNavigationDelegate.navToRepEventByButton" wrapping="true"/>
				<Text text="{path: 'RuleType'}"/>
				<Text text="{path: 'NotifType'}"/>
				<Text text="{path: 'StatusRepEvt', formatter: 'com.sap.cd.sttp.zcockpit.model.formatter.FixedValueFormatter.FixedValueStatusRepEvt'}"/>
				<Button icon="sap-icon://document-text" type="Transparent" press="com.sap.cd.sttp.zcockpit.delegate.shared.MessageFileDelegate.onShowMessageFilePress" tooltip="{i18n>SHOW_FILE_REP}"></Button>
				<core:Fragment fragmentName="com.sap.cd.sttp.zcockpit.extp.SHARED_DETAIL_REPEVENT_TABLE_CELL" type="XML"/>
			</cells>
		</ColumnListItem>
	</Table>
</core:FragmentDefinition>