<!-- 

 Copyright (C) 2009-2019 SAP SE or an SAP affiliate company. All rights reserved.

 --> 
<core:FragmentDefinition xmlns="sap.m" xmlns:l="sap.ui.commons.layout" xmlns:f="sap.ui.layout.form" xmlns:core="sap.ui.core">
	<f:SimpleForm minWidth="1024" columnsL="1" columnsM="1" editable="false" layout="ResponsiveGridLayout">
		<core:Title text="{i18n>OBJ_ADD_DATA_ADMIN_HEADER}"/>
		<Label text="{/#Event/AutoEvent/@sap:label}" tooltip="{/#Event/AutoEvent/@sap:label}" visible="{= !!${Evttime} }"/>
		<Text text="{AutoEvent}" visible="{= !!${Evttime} }"/>
		<Label text="{/#ObjItem/CreationUser/@sap:label}" tooltip="{/#ObjItem/CreationUser/@sap:label}"/>
		<Text text="{CreationUser}"/>
		<Label text="{/#ObjItem/CreationTime/@sap:label}" tooltip="{/#ObjItem/CreationTime/@sap:label}"/>
		<Text text="{path: 'CreationTime', type: 'sap.ui.model.type.DateTime', formatOptions: { UTC:false, pattern: 'yyyy-MM-dd HH:mm:ss'}}"/>
		<Label text="{/#ObjItem/ModifiedUser/@sap:label}" tooltip="{/#ObjItem/ModifiedUser/@sap:label}"/>
		<Text text="{ModifiedUser}"/>
		<Label text="{/#ObjItem/ModifiedTime/@sap:label}" tooltip="{/#ObjItem/ModifiedTime/@sap:label}"/>
		<Text text="{path: 'ModifiedTime', type: 'sap.ui.model.type.DateTime', formatOptions: { UTC:false, pattern: 'yyyy-MM-dd HH:mm:ss'}}"/>
	</f:SimpleForm>
</core:FragmentDefinition>