<!-- 

 Copyright (C) 2009-2019 SAP SE or an SAP affiliate company. All rights reserved.

 --> 
<core:FragmentDefinition xmlns="sap.m" xmlns:l="sap.ui.commons.layout" xmlns:f="sap.ui.layout.form" xmlns:core="sap.ui.core">
	<f:Form id="AddDynamAttr">
		<f:layout>
			<f:ResponsiveGridLayout/>
		</f:layout>
		<f:formContainers>
			<f:FormContainer title="{i18n>ADDITIONAL_CUSTOMER_FIELDS}" formElements="{Attrib}" id="DynamicAttrList" visible="true">
				<f:formElements>
					<f:FormElement visible="{parts:[{path:'type'},{path:'field'},{path:'value'}], formatter:'com.sap.cd.sttp.zcockpit.model.formatter.GeneralFormatter.DynamicAttrList'}">
						<f:label>
							<Label text="{= ${description} !== null ? ${description} : ${field} }" tooltip="{= ${description} !== null ? ${description} : ${field} }"></Label>
						</f:label>
						<f:fields>
							<Text text="{value}"/>
						</f:fields>
					</f:FormElement>
				</f:formElements>
			</f:FormContainer>
		</f:formContainers>
	</f:Form>
</core:FragmentDefinition>